,file_path,label
0,/Users/Dani/Music-Voice-Level/venv/TFG/datasets/train_spec/5/mel_spectrogram_mix_978.npy,5
1,/Users/Dani/Music-Voice-Level/venv/TFG/datasets/train_spec/5/mel_spectrogram_mix_944.npy,5
2,/Users/Dani/Music-Voice-Level/venv/TFG/datasets/train_spec/5/mel_spectrogram_mix_788.npy,5
3,/Users/Dani/Music-Voice-Level/venv/TFG/datasets/train_spec/5/mel_spectrogram_mix_950.npy,5
4,/Users/Dani/Music-Voice-Level/venv/TFG/datasets/train_spec/5/mel_spectrogram_mix_763.npy,5
5,/Users/Dani/Music-Voice-Level/venv/TFG/datasets/train_spec/5/mel_spectrogram_mix_777.npy,5
6,/Users/Dani/Music-Voice-Level/venv/TFG/datasets/train_spec/5/mel_spectrogram_mix_987.npy,5
7,/Users/Dani/Music-Voice-Level/venv/TFG/datasets/train_spec/5/mel_spectrogram_mix_1006.npy,5
8,/Users/Dani/Music-Voice-Level/venv/TFG/datasets/train_spec/5/mel_spectrogram_mix_1012.npy,5
9,/Users/Dani/Music-Voice-Level/venv/TFG/datasets/train_spec/5/mel_spectrogram_mix_993.npy,5
10,/Users/Dani/Music-Voice-Level/venv/TFG/datasets/train_spec/5/mel_spectrogram_mix_207.npy,5
11,/Users/Dani/Music-Voice-Level/venv/TFG/datasets/train_spec/5/mel_spectrogram_mix_1238.npy,5
12,/Users/Dani/Music-Voice-Level/venv/TFG/datasets/train_spec/5/mel_spectrogram_mix_561.npy,5
13,/Users/Dani/Music-Voice-Level/venv/TFG/datasets/train_spec/5/mel_spectrogram_mix_575.npy,5
14,/Users/Dani/Music-Voice-Level/venv/TFG/datasets/train_spec/5/mel_spectrogram_mix_213.npy,5
15,/Users/Dani/Music-Voice-Level/venv/TFG/datasets/train_spec/5/mel_spectrogram_mix_1204.npy,5
16,/Users/Dani/Music-Voice-Level/venv/TFG/datasets/train_spec/5/mel_spectrogram_mix_549.npy,5
17,/Users/Dani/Music-Voice-Level/venv/TFG/datasets/train_spec/5/mel_spectrogram_mix_1210.npy,5
18,/Users/Dani/Music-Voice-Level/venv/TFG/datasets/train_spec/5/mel_spectrogram_mix_398.npy,5
19,/Users/Dani/Music-Voice-Level/venv/TFG/datasets/train_spec/5/mel_spectrogram_mix_373.npy,5
20,/Users/Dani/Music-Voice-Level/venv/TFG/datasets/train_spec/5/mel_spectrogram_mix_415.npy,5
21,/Users/Dani/Music-Voice-Level/venv/TFG/datasets/train_spec/5/mel_spectrogram_mix_48.npy,5
22,/Users/Dani/Music-Voice-Level/venv/TFG/datasets/train_spec/5/mel_spectrogram_mix_401.npy,5
23,/Users/Dani/Music-Voice-Level/venv/TFG/datasets/train_spec/5/mel_spectrogram_mix_4.npy,5
24,/Users/Dani/Music-Voice-Level/venv/TFG/datasets/train_spec/5/mel_spectrogram_mix_367.npy,5
25,/Users/Dani/Music-Voice-Level/venv/TFG/datasets/train_spec/5/mel_spectrogram_mix_74.npy,5
26,/Users/Dani/Music-Voice-Level/venv/TFG/datasets/train_spec/5/mel_spectrogram_mix_429.npy,5
27,/Users/Dani/Music-Voice-Level/venv/TFG/datasets/train_spec/5/mel_spectrogram_mix_60.npy,5
28,/Users/Dani/Music-Voice-Level/venv/TFG/datasets/train_spec/5/mel_spectrogram_mix_1199.npy,5
29,/Users/Dani/Music-Voice-Level/venv/TFG/datasets/train_spec/5/mel_spectrogram_mix_818.npy,5
30,/Users/Dani/Music-Voice-Level/venv/TFG/datasets/train_spec/5/mel_spectrogram_mix_830.npy,5
31,/Users/Dani/Music-Voice-Level/venv/TFG/datasets/train_spec/5/mel_spectrogram_mix_824.npy,5
32,/Users/Dani/Music-Voice-Level/venv/TFG/datasets/train_spec/5/mel_spectrogram_mix_617.npy,5
33,/Users/Dani/Music-Voice-Level/venv/TFG/datasets/train_spec/5/mel_spectrogram_mix_171.npy,5
34,/Users/Dani/Music-Voice-Level/venv/TFG/datasets/train_spec/5/mel_spectrogram_mix_165.npy,5
35,/Users/Dani/Music-Voice-Level/venv/TFG/datasets/train_spec/5/mel_spectrogram_mix_603.npy,5
36,/Users/Dani/Music-Voice-Level/venv/TFG/datasets/train_spec/5/mel_spectrogram_mix_1172.npy,5
37,/Users/Dani/Music-Voice-Level/venv/TFG/datasets/train_spec/5/mel_spectrogram_mix_1166.npy,5
38,/Users/Dani/Music-Voice-Level/venv/TFG/datasets/train_spec/5/mel_spectrogram_mix_159.npy,5
39,/Users/Dani/Music-Voice-Level/venv/TFG/datasets/train_spec/5/mel_spectrogram_mix_158.npy,5
40,/Users/Dani/Music-Voice-Level/venv/TFG/datasets/train_spec/5/mel_spectrogram_mix_1167.npy,5
41,/Users/Dani/Music-Voice-Level/venv/TFG/datasets/train_spec/5/mel_spectrogram_mix_1173.npy,5
42,/Users/Dani/Music-Voice-Level/venv/TFG/datasets/train_spec/5/mel_spectrogram_mix_164.npy,5
43,/Users/Dani/Music-Voice-Level/venv/TFG/datasets/train_spec/5/mel_spectrogram_mix_602.npy,5
44,/Users/Dani/Music-Voice-Level/venv/TFG/datasets/train_spec/5/mel_spectrogram_mix_616.npy,5
45,/Users/Dani/Music-Voice-Level/venv/TFG/datasets/train_spec/5/mel_spectrogram_mix_170.npy,5
46,/Users/Dani/Music-Voice-Level/venv/TFG/datasets/train_spec/5/mel_spectrogram_mix_825.npy,5
47,/Users/Dani/Music-Voice-Level/venv/TFG/datasets/train_spec/5/mel_spectrogram_mix_831.npy,5
48,/Users/Dani/Music-Voice-Level/venv/TFG/datasets/train_spec/5/mel_spectrogram_mix_1198.npy,5
49,/Users/Dani/Music-Voice-Level/venv/TFG/datasets/train_spec/5/mel_spectrogram_mix_819.npy,5
50,/Users/Dani/Music-Voice-Level/venv/TFG/datasets/train_spec/5/mel_spectrogram_mix_61.npy,5
51,/Users/Dani/Music-Voice-Level/venv/TFG/datasets/train_spec/5/mel_spectrogram_mix_428.npy,5
52,/Users/Dani/Music-Voice-Level/venv/TFG/datasets/train_spec/5/mel_spectrogram_mix_75.npy,5
53,/Users/Dani/Music-Voice-Level/venv/TFG/datasets/train_spec/5/mel_spectrogram_mix_5.npy,5
54,/Users/Dani/Music-Voice-Level/venv/TFG/datasets/train_spec/5/mel_spectrogram_mix_400.npy,5
55,/Users/Dani/Music-Voice-Level/venv/TFG/datasets/train_spec/5/mel_spectrogram_mix_366.npy,5
56,/Users/Dani/Music-Voice-Level/venv/TFG/datasets/train_spec/5/mel_spectrogram_mix_372.npy,5
57,/Users/Dani/Music-Voice-Level/venv/TFG/datasets/train_spec/5/mel_spectrogram_mix_49.npy,5
58,/Users/Dani/Music-Voice-Level/venv/TFG/datasets/train_spec/5/mel_spectrogram_mix_414.npy,5
59,/Users/Dani/Music-Voice-Level/venv/TFG/datasets/train_spec/5/mel_spectrogram_mix_399.npy,5
60,/Users/Dani/Music-Voice-Level/venv/TFG/datasets/train_spec/5/mel_spectrogram_mix_548.npy,5
61,/Users/Dani/Music-Voice-Level/venv/TFG/datasets/train_spec/5/mel_spectrogram_mix_1211.npy,5
62,/Users/Dani/Music-Voice-Level/venv/TFG/datasets/train_spec/5/mel_spectrogram_mix_1205.npy,5
63,/Users/Dani/Music-Voice-Level/venv/TFG/datasets/train_spec/5/mel_spectrogram_mix_574.npy,5
64,/Users/Dani/Music-Voice-Level/venv/TFG/datasets/train_spec/5/mel_spectrogram_mix_212.npy,5
65,/Users/Dani/Music-Voice-Level/venv/TFG/datasets/train_spec/5/mel_spectrogram_mix_1239.npy,5
66,/Users/Dani/Music-Voice-Level/venv/TFG/datasets/train_spec/5/mel_spectrogram_mix_206.npy,5
67,/Users/Dani/Music-Voice-Level/venv/TFG/datasets/train_spec/5/mel_spectrogram_mix_560.npy,5
68,/Users/Dani/Music-Voice-Level/venv/TFG/datasets/train_spec/5/mel_spectrogram_mix_1013.npy,5
69,/Users/Dani/Music-Voice-Level/venv/TFG/datasets/train_spec/5/mel_spectrogram_mix_992.npy,5
70,/Users/Dani/Music-Voice-Level/venv/TFG/datasets/train_spec/5/mel_spectrogram_mix_986.npy,5
71,/Users/Dani/Music-Voice-Level/venv/TFG/datasets/train_spec/5/mel_spectrogram_mix_1007.npy,5
72,/Users/Dani/Music-Voice-Level/venv/TFG/datasets/train_spec/5/mel_spectrogram_mix_776.npy,5
73,/Users/Dani/Music-Voice-Level/venv/TFG/datasets/train_spec/5/mel_spectrogram_mix_762.npy,5
74,/Users/Dani/Music-Voice-Level/venv/TFG/datasets/train_spec/5/mel_spectrogram_mix_951.npy,5
75,/Users/Dani/Music-Voice-Level/venv/TFG/datasets/train_spec/5/mel_spectrogram_mix_789.npy,5
76,/Users/Dani/Music-Voice-Level/venv/TFG/datasets/train_spec/5/mel_spectrogram_mix_945.npy,5
77,/Users/Dani/Music-Voice-Level/venv/TFG/datasets/train_spec/5/mel_spectrogram_mix_979.npy,5
78,/Users/Dani/Music-Voice-Level/venv/TFG/datasets/train_spec/5/mel_spectrogram_mix_953.npy,5
79,/Users/Dani/Music-Voice-Level/venv/TFG/datasets/train_spec/5/mel_spectrogram_mix_947.npy,5
80,/Users/Dani/Music-Voice-Level/venv/TFG/datasets/train_spec/5/mel_spectrogram_mix_774.npy,5
81,/Users/Dani/Music-Voice-Level/venv/TFG/datasets/train_spec/5/mel_spectrogram_mix_1039.npy,5
82,/Users/Dani/Music-Voice-Level/venv/TFG/datasets/train_spec/5/mel_spectrogram_mix_760.npy,5
83,/Users/Dani/Music-Voice-Level/venv/TFG/datasets/train_spec/5/mel_spectrogram_mix_990.npy,5
84,/Users/Dani/Music-Voice-Level/venv/TFG/datasets/train_spec/5/mel_spectrogram_mix_748.npy,5
85,/Users/Dani/Music-Voice-Level/venv/TFG/datasets/train_spec/5/mel_spectrogram_mix_1011.npy,5
86,/Users/Dani/Music-Voice-Level/venv/TFG/datasets/train_spec/5/mel_spectrogram_mix_1005.npy,5
87,/Users/Dani/Music-Voice-Level/venv/TFG/datasets/train_spec/5/mel_spectrogram_mix_984.npy,5
88,/Users/Dani/Music-Voice-Level/venv/TFG/datasets/train_spec/5/mel_spectrogram_mix_589.npy,5
89,/Users/Dani/Music-Voice-Level/venv/TFG/datasets/train_spec/5/mel_spectrogram_mix_210.npy,5
90,/Users/Dani/Music-Voice-Level/venv/TFG/datasets/train_spec/5/mel_spectrogram_mix_576.npy,5
91,/Users/Dani/Music-Voice-Level/venv/TFG/datasets/train_spec/5/mel_spectrogram_mix_562.npy,5
92,/Users/Dani/Music-Voice-Level/venv/TFG/datasets/train_spec/5/mel_spectrogram_mix_204.npy,5
93,/Users/Dani/Music-Voice-Level/venv/TFG/datasets/train_spec/5/mel_spectrogram_mix_1213.npy,5
94,/Users/Dani/Music-Voice-Level/venv/TFG/datasets/train_spec/5/mel_spectrogram_mix_1207.npy,5
95,/Users/Dani/Music-Voice-Level/venv/TFG/datasets/train_spec/5/mel_spectrogram_mix_238.npy,5
96,/Users/Dani/Music-Voice-Level/venv/TFG/datasets/train_spec/5/mel_spectrogram_mix_88.npy,5
97,/Users/Dani/Music-Voice-Level/venv/TFG/datasets/train_spec/5/mel_spectrogram_mix_364.npy,5
98,/Users/Dani/Music-Voice-Level/venv/TFG/datasets/train_spec/5/mel_spectrogram_mix_402.npy,5
99,/Users/Dani/Music-Voice-Level/venv/TFG/datasets/train_spec/5/mel_spectrogram_mix_7.npy,5
100,/Users/Dani/Music-Voice-Level/venv/TFG/datasets/train_spec/5/mel_spectrogram_mix_416.npy,5
101,/Users/Dani/Music-Voice-Level/venv/TFG/datasets/train_spec/5/mel_spectrogram_mix_370.npy,5
102,/Users/Dani/Music-Voice-Level/venv/TFG/datasets/train_spec/5/mel_spectrogram_mix_358.npy,5
103,/Users/Dani/Music-Voice-Level/venv/TFG/datasets/train_spec/5/mel_spectrogram_mix_63.npy,5
104,/Users/Dani/Music-Voice-Level/venv/TFG/datasets/train_spec/5/mel_spectrogram_mix_77.npy,5
105,/Users/Dani/Music-Voice-Level/venv/TFG/datasets/train_spec/5/mel_spectrogram_mix_827.npy,5
106,/Users/Dani/Music-Voice-Level/venv/TFG/datasets/train_spec/5/mel_spectrogram_mix_199.npy,5
107,/Users/Dani/Music-Voice-Level/venv/TFG/datasets/train_spec/5/mel_spectrogram_mix_833.npy,5
108,/Users/Dani/Music-Voice-Level/venv/TFG/datasets/train_spec/5/mel_spectrogram_mix_600.npy,5
109,/Users/Dani/Music-Voice-Level/venv/TFG/datasets/train_spec/5/mel_spectrogram_mix_166.npy,5
110,/Users/Dani/Music-Voice-Level/venv/TFG/datasets/train_spec/5/mel_spectrogram_mix_1159.npy,5
111,/Users/Dani/Music-Voice-Level/venv/TFG/datasets/train_spec/5/mel_spectrogram_mix_172.npy,5
112,/Users/Dani/Music-Voice-Level/venv/TFG/datasets/train_spec/5/mel_spectrogram_mix_614.npy,5
113,/Users/Dani/Music-Voice-Level/venv/TFG/datasets/train_spec/5/mel_spectrogram_mix_1165.npy,5
114,/Users/Dani/Music-Voice-Level/venv/TFG/datasets/train_spec/5/mel_spectrogram_mix_1171.npy,5
115,/Users/Dani/Music-Voice-Level/venv/TFG/datasets/train_spec/5/mel_spectrogram_mix_628.npy,5
116,/Users/Dani/Music-Voice-Level/venv/TFG/datasets/train_spec/5/mel_spectrogram_mix_1170.npy,5
117,/Users/Dani/Music-Voice-Level/venv/TFG/datasets/train_spec/5/mel_spectrogram_mix_629.npy,5
118,/Users/Dani/Music-Voice-Level/venv/TFG/datasets/train_spec/5/mel_spectrogram_mix_1164.npy,5
119,/Users/Dani/Music-Voice-Level/venv/TFG/datasets/train_spec/5/mel_spectrogram_mix_173.npy,5
120,/Users/Dani/Music-Voice-Level/venv/TFG/datasets/train_spec/5/mel_spectrogram_mix_615.npy,5
121,/Users/Dani/Music-Voice-Level/venv/TFG/datasets/train_spec/5/mel_spectrogram_mix_601.npy,5
122,/Users/Dani/Music-Voice-Level/venv/TFG/datasets/train_spec/5/mel_spectrogram_mix_1158.npy,5
123,/Users/Dani/Music-Voice-Level/venv/TFG/datasets/train_spec/5/mel_spectrogram_mix_167.npy,5
124,/Users/Dani/Music-Voice-Level/venv/TFG/datasets/train_spec/5/mel_spectrogram_mix_832.npy,5
125,/Users/Dani/Music-Voice-Level/venv/TFG/datasets/train_spec/5/mel_spectrogram_mix_826.npy,5
126,/Users/Dani/Music-Voice-Level/venv/TFG/datasets/train_spec/5/mel_spectrogram_mix_198.npy,5
127,/Users/Dani/Music-Voice-Level/venv/TFG/datasets/train_spec/5/mel_spectrogram_mix_76.npy,5
128,/Users/Dani/Music-Voice-Level/venv/TFG/datasets/train_spec/5/mel_spectrogram_mix_359.npy,5
129,/Users/Dani/Music-Voice-Level/venv/TFG/datasets/train_spec/5/mel_spectrogram_mix_62.npy,5
130,/Users/Dani/Music-Voice-Level/venv/TFG/datasets/train_spec/5/mel_spectrogram_mix_417.npy,5
131,/Users/Dani/Music-Voice-Level/venv/TFG/datasets/train_spec/5/mel_spectrogram_mix_371.npy,5
132,/Users/Dani/Music-Voice-Level/venv/TFG/datasets/train_spec/5/mel_spectrogram_mix_365.npy,5
133,/Users/Dani/Music-Voice-Level/venv/TFG/datasets/train_spec/5/mel_spectrogram_mix_6.npy,5
134,/Users/Dani/Music-Voice-Level/venv/TFG/datasets/train_spec/5/mel_spectrogram_mix_403.npy,5
135,/Users/Dani/Music-Voice-Level/venv/TFG/datasets/train_spec/5/mel_spectrogram_mix_89.npy,5
136,/Users/Dani/Music-Voice-Level/venv/TFG/datasets/train_spec/5/mel_spectrogram_mix_239.npy,5
137,/Users/Dani/Music-Voice-Level/venv/TFG/datasets/train_spec/5/mel_spectrogram_mix_1206.npy,5
138,/Users/Dani/Music-Voice-Level/venv/TFG/datasets/train_spec/5/mel_spectrogram_mix_1212.npy,5
139,/Users/Dani/Music-Voice-Level/venv/TFG/datasets/train_spec/5/mel_spectrogram_mix_563.npy,5
140,/Users/Dani/Music-Voice-Level/venv/TFG/datasets/train_spec/5/mel_spectrogram_mix_205.npy,5
141,/Users/Dani/Music-Voice-Level/venv/TFG/datasets/train_spec/5/mel_spectrogram_mix_211.npy,5
142,/Users/Dani/Music-Voice-Level/venv/TFG/datasets/train_spec/5/mel_spectrogram_mix_577.npy,5
143,/Users/Dani/Music-Voice-Level/venv/TFG/datasets/train_spec/5/mel_spectrogram_mix_588.npy,5
144,/Users/Dani/Music-Voice-Level/venv/TFG/datasets/train_spec/5/mel_spectrogram_mix_1004.npy,5
145,/Users/Dani/Music-Voice-Level/venv/TFG/datasets/train_spec/5/mel_spectrogram_mix_985.npy,5
146,/Users/Dani/Music-Voice-Level/venv/TFG/datasets/train_spec/5/mel_spectrogram_mix_749.npy,5
147,/Users/Dani/Music-Voice-Level/venv/TFG/datasets/train_spec/5/mel_spectrogram_mix_991.npy,5
148,/Users/Dani/Music-Voice-Level/venv/TFG/datasets/train_spec/5/mel_spectrogram_mix_1010.npy,5
149,/Users/Dani/Music-Voice-Level/venv/TFG/datasets/train_spec/5/mel_spectrogram_mix_1038.npy,5
150,/Users/Dani/Music-Voice-Level/venv/TFG/datasets/train_spec/5/mel_spectrogram_mix_761.npy,5
151,/Users/Dani/Music-Voice-Level/venv/TFG/datasets/train_spec/5/mel_spectrogram_mix_775.npy,5
152,/Users/Dani/Music-Voice-Level/venv/TFG/datasets/train_spec/5/mel_spectrogram_mix_946.npy,5
153,/Users/Dani/Music-Voice-Level/venv/TFG/datasets/train_spec/5/mel_spectrogram_mix_952.npy,5
154,/Users/Dani/Music-Voice-Level/venv/TFG/datasets/train_spec/5/mel_spectrogram_mix_956.npy,5
155,/Users/Dani/Music-Voice-Level/venv/TFG/datasets/train_spec/5/mel_spectrogram_mix_942.npy,5
156,/Users/Dani/Music-Voice-Level/venv/TFG/datasets/train_spec/5/mel_spectrogram_mix_1014.npy,5
157,/Users/Dani/Music-Voice-Level/venv/TFG/datasets/train_spec/5/mel_spectrogram_mix_995.npy,5
158,/Users/Dani/Music-Voice-Level/venv/TFG/datasets/train_spec/5/mel_spectrogram_mix_981.npy,5
159,/Users/Dani/Music-Voice-Level/venv/TFG/datasets/train_spec/5/mel_spectrogram_mix_759.npy,5
160,/Users/Dani/Music-Voice-Level/venv/TFG/datasets/train_spec/5/mel_spectrogram_mix_1000.npy,5
161,/Users/Dani/Music-Voice-Level/venv/TFG/datasets/train_spec/5/mel_spectrogram_mix_1028.npy,5
162,/Users/Dani/Music-Voice-Level/venv/TFG/datasets/train_spec/5/mel_spectrogram_mix_771.npy,5
163,/Users/Dani/Music-Voice-Level/venv/TFG/datasets/train_spec/5/mel_spectrogram_mix_765.npy,5
164,/Users/Dani/Music-Voice-Level/venv/TFG/datasets/train_spec/5/mel_spectrogram_mix_598.npy,5
165,/Users/Dani/Music-Voice-Level/venv/TFG/datasets/train_spec/5/mel_spectrogram_mix_229.npy,5
166,/Users/Dani/Music-Voice-Level/venv/TFG/datasets/train_spec/5/mel_spectrogram_mix_1216.npy,5
167,/Users/Dani/Music-Voice-Level/venv/TFG/datasets/train_spec/5/mel_spectrogram_mix_1202.npy,5
168,/Users/Dani/Music-Voice-Level/venv/TFG/datasets/train_spec/5/mel_spectrogram_mix_573.npy,5
169,/Users/Dani/Music-Voice-Level/venv/TFG/datasets/train_spec/5/mel_spectrogram_mix_215.npy,5
170,/Users/Dani/Music-Voice-Level/venv/TFG/datasets/train_spec/5/mel_spectrogram_mix_201.npy,5
171,/Users/Dani/Music-Voice-Level/venv/TFG/datasets/train_spec/5/mel_spectrogram_mix_567.npy,5
172,/Users/Dani/Music-Voice-Level/venv/TFG/datasets/train_spec/5/mel_spectrogram_mix_99.npy,5
173,/Users/Dani/Music-Voice-Level/venv/TFG/datasets/train_spec/5/mel_spectrogram_mix_66.npy,5
174,/Users/Dani/Music-Voice-Level/venv/TFG/datasets/train_spec/5/mel_spectrogram_mix_349.npy,5
175,/Users/Dani/Music-Voice-Level/venv/TFG/datasets/train_spec/5/mel_spectrogram_mix_72.npy,5
176,/Users/Dani/Music-Voice-Level/venv/TFG/datasets/train_spec/5/mel_spectrogram_mix_407.npy,5
177,/Users/Dani/Music-Voice-Level/venv/TFG/datasets/train_spec/5/mel_spectrogram_mix_2.npy,5
178,/Users/Dani/Music-Voice-Level/venv/TFG/datasets/train_spec/5/mel_spectrogram_mix_361.npy,5
179,/Users/Dani/Music-Voice-Level/venv/TFG/datasets/train_spec/5/mel_spectrogram_mix_375.npy,5
180,/Users/Dani/Music-Voice-Level/venv/TFG/datasets/train_spec/5/mel_spectrogram_mix_413.npy,5
181,/Users/Dani/Music-Voice-Level/venv/TFG/datasets/train_spec/5/mel_spectrogram_mix_822.npy,5
182,/Users/Dani/Music-Voice-Level/venv/TFG/datasets/train_spec/5/mel_spectrogram_mix_836.npy,5
183,/Users/Dani/Music-Voice-Level/venv/TFG/datasets/train_spec/5/mel_spectrogram_mix_188.npy,5
184,/Users/Dani/Music-Voice-Level/venv/TFG/datasets/train_spec/5/mel_spectrogram_mix_1160.npy,5
185,/Users/Dani/Music-Voice-Level/venv/TFG/datasets/train_spec/5/mel_spectrogram_mix_639.npy,5
186,/Users/Dani/Music-Voice-Level/venv/TFG/datasets/train_spec/5/mel_spectrogram_mix_1174.npy,5
187,/Users/Dani/Music-Voice-Level/venv/TFG/datasets/train_spec/5/mel_spectrogram_mix_163.npy,5
188,/Users/Dani/Music-Voice-Level/venv/TFG/datasets/train_spec/5/mel_spectrogram_mix_605.npy,5
189,/Users/Dani/Music-Voice-Level/venv/TFG/datasets/train_spec/5/mel_spectrogram_mix_611.npy,5
190,/Users/Dani/Music-Voice-Level/venv/TFG/datasets/train_spec/5/mel_spectrogram_mix_1148.npy,5
191,/Users/Dani/Music-Voice-Level/venv/TFG/datasets/train_spec/5/mel_spectrogram_mix_177.npy,5
192,/Users/Dani/Music-Voice-Level/venv/TFG/datasets/train_spec/5/mel_spectrogram_mix_610.npy,5
193,/Users/Dani/Music-Voice-Level/venv/TFG/datasets/train_spec/5/mel_spectrogram_mix_176.npy,5
194,/Users/Dani/Music-Voice-Level/venv/TFG/datasets/train_spec/5/mel_spectrogram_mix_1149.npy,5
195,/Users/Dani/Music-Voice-Level/venv/TFG/datasets/train_spec/5/mel_spectrogram_mix_162.npy,5
196,/Users/Dani/Music-Voice-Level/venv/TFG/datasets/train_spec/5/mel_spectrogram_mix_604.npy,5
197,/Users/Dani/Music-Voice-Level/venv/TFG/datasets/train_spec/5/mel_spectrogram_mix_1175.npy,5
198,/Users/Dani/Music-Voice-Level/venv/TFG/datasets/train_spec/5/mel_spectrogram_mix_1161.npy,5
199,/Users/Dani/Music-Voice-Level/venv/TFG/datasets/train_spec/5/mel_spectrogram_mix_638.npy,5
200,/Users/Dani/Music-Voice-Level/venv/TFG/datasets/train_spec/5/mel_spectrogram_mix_837.npy,5
201,/Users/Dani/Music-Voice-Level/venv/TFG/datasets/train_spec/5/mel_spectrogram_mix_189.npy,5
202,/Users/Dani/Music-Voice-Level/venv/TFG/datasets/train_spec/5/mel_spectrogram_mix_823.npy,5
203,/Users/Dani/Music-Voice-Level/venv/TFG/datasets/train_spec/5/mel_spectrogram_mix_374.npy,5
204,/Users/Dani/Music-Voice-Level/venv/TFG/datasets/train_spec/5/mel_spectrogram_mix_412.npy,5
205,/Users/Dani/Music-Voice-Level/venv/TFG/datasets/train_spec/5/mel_spectrogram_mix_3.npy,5
206,/Users/Dani/Music-Voice-Level/venv/TFG/datasets/train_spec/5/mel_spectrogram_mix_406.npy,5
207,/Users/Dani/Music-Voice-Level/venv/TFG/datasets/train_spec/5/mel_spectrogram_mix_360.npy,5
208,/Users/Dani/Music-Voice-Level/venv/TFG/datasets/train_spec/5/mel_spectrogram_mix_348.npy,5
209,/Users/Dani/Music-Voice-Level/venv/TFG/datasets/train_spec/5/mel_spectrogram_mix_73.npy,5
210,/Users/Dani/Music-Voice-Level/venv/TFG/datasets/train_spec/5/mel_spectrogram_mix_67.npy,5
211,/Users/Dani/Music-Voice-Level/venv/TFG/datasets/train_spec/5/mel_spectrogram_mix_98.npy,5
212,/Users/Dani/Music-Voice-Level/venv/TFG/datasets/train_spec/5/mel_spectrogram_mix_200.npy,5
213,/Users/Dani/Music-Voice-Level/venv/TFG/datasets/train_spec/5/mel_spectrogram_mix_566.npy,5
214,/Users/Dani/Music-Voice-Level/venv/TFG/datasets/train_spec/5/mel_spectrogram_mix_572.npy,5
215,/Users/Dani/Music-Voice-Level/venv/TFG/datasets/train_spec/5/mel_spectrogram_mix_214.npy,5
216,/Users/Dani/Music-Voice-Level/venv/TFG/datasets/train_spec/5/mel_spectrogram_mix_1203.npy,5
217,/Users/Dani/Music-Voice-Level/venv/TFG/datasets/train_spec/5/mel_spectrogram_mix_1217.npy,5
218,/Users/Dani/Music-Voice-Level/venv/TFG/datasets/train_spec/5/mel_spectrogram_mix_228.npy,5
219,/Users/Dani/Music-Voice-Level/venv/TFG/datasets/train_spec/5/mel_spectrogram_mix_599.npy,5
220,/Users/Dani/Music-Voice-Level/venv/TFG/datasets/train_spec/5/mel_spectrogram_mix_764.npy,5
221,/Users/Dani/Music-Voice-Level/venv/TFG/datasets/train_spec/5/mel_spectrogram_mix_1029.npy,5
222,/Users/Dani/Music-Voice-Level/venv/TFG/datasets/train_spec/5/mel_spectrogram_mix_770.npy,5
223,/Users/Dani/Music-Voice-Level/venv/TFG/datasets/train_spec/5/mel_spectrogram_mix_758.npy,5
224,/Users/Dani/Music-Voice-Level/venv/TFG/datasets/train_spec/5/mel_spectrogram_mix_980.npy,5
225,/Users/Dani/Music-Voice-Level/venv/TFG/datasets/train_spec/5/mel_spectrogram_mix_1001.npy,5
226,/Users/Dani/Music-Voice-Level/venv/TFG/datasets/train_spec/5/mel_spectrogram_mix_1015.npy,5
227,/Users/Dani/Music-Voice-Level/venv/TFG/datasets/train_spec/5/mel_spectrogram_mix_994.npy,5
228,/Users/Dani/Music-Voice-Level/venv/TFG/datasets/train_spec/5/mel_spectrogram_mix_943.npy,5
229,/Users/Dani/Music-Voice-Level/venv/TFG/datasets/train_spec/5/mel_spectrogram_mix_957.npy,5
230,/Users/Dani/Music-Voice-Level/venv/TFG/datasets/train_spec/5/mel_spectrogram_mix_799.npy,5
231,/Users/Dani/Music-Voice-Level/venv/TFG/datasets/train_spec/5/mel_spectrogram_mix_941.npy,5
232,/Users/Dani/Music-Voice-Level/venv/TFG/datasets/train_spec/5/mel_spectrogram_mix_955.npy,5
233,/Users/Dani/Music-Voice-Level/venv/TFG/datasets/train_spec/5/mel_spectrogram_mix_969.npy,5
234,/Users/Dani/Music-Voice-Level/venv/TFG/datasets/train_spec/5/mel_spectrogram_mix_1003.npy,5
235,/Users/Dani/Music-Voice-Level/venv/TFG/datasets/train_spec/5/mel_spectrogram_mix_982.npy,5
236,/Users/Dani/Music-Voice-Level/venv/TFG/datasets/train_spec/5/mel_spectrogram_mix_996.npy,5
237,/Users/Dani/Music-Voice-Level/venv/TFG/datasets/train_spec/5/mel_spectrogram_mix_1017.npy,5
238,/Users/Dani/Music-Voice-Level/venv/TFG/datasets/train_spec/5/mel_spectrogram_mix_766.npy,5
239,/Users/Dani/Music-Voice-Level/venv/TFG/datasets/train_spec/5/mel_spectrogram_mix_772.npy,5
240,/Users/Dani/Music-Voice-Level/venv/TFG/datasets/train_spec/5/mel_spectrogram_mix_558.npy,5
241,/Users/Dani/Music-Voice-Level/venv/TFG/datasets/train_spec/5/mel_spectrogram_mix_1201.npy,5
242,/Users/Dani/Music-Voice-Level/venv/TFG/datasets/train_spec/5/mel_spectrogram_mix_1215.npy,5
243,/Users/Dani/Music-Voice-Level/venv/TFG/datasets/train_spec/5/mel_spectrogram_mix_564.npy,5
244,/Users/Dani/Music-Voice-Level/venv/TFG/datasets/train_spec/5/mel_spectrogram_mix_202.npy,5
245,/Users/Dani/Music-Voice-Level/venv/TFG/datasets/train_spec/5/mel_spectrogram_mix_1229.npy,5
246,/Users/Dani/Music-Voice-Level/venv/TFG/datasets/train_spec/5/mel_spectrogram_mix_216.npy,5
247,/Users/Dani/Music-Voice-Level/venv/TFG/datasets/train_spec/5/mel_spectrogram_mix_570.npy,5
248,/Users/Dani/Music-Voice-Level/venv/TFG/datasets/train_spec/5/mel_spectrogram_mix_389.npy,5
249,/Users/Dani/Music-Voice-Level/venv/TFG/datasets/train_spec/5/mel_spectrogram_mix_71.npy,5
250,/Users/Dani/Music-Voice-Level/venv/TFG/datasets/train_spec/5/mel_spectrogram_mix_65.npy,5
251,/Users/Dani/Music-Voice-Level/venv/TFG/datasets/train_spec/5/mel_spectrogram_mix_438.npy,5
252,/Users/Dani/Music-Voice-Level/venv/TFG/datasets/train_spec/5/mel_spectrogram_mix_410.npy,5
253,/Users/Dani/Music-Voice-Level/venv/TFG/datasets/train_spec/5/mel_spectrogram_mix_376.npy,5
254,/Users/Dani/Music-Voice-Level/venv/TFG/datasets/train_spec/5/mel_spectrogram_mix_362.npy,5
255,/Users/Dani/Music-Voice-Level/venv/TFG/datasets/train_spec/5/mel_spectrogram_mix_404.npy,5
256,/Users/Dani/Music-Voice-Level/venv/TFG/datasets/train_spec/5/mel_spectrogram_mix_59.npy,5
257,/Users/Dani/Music-Voice-Level/venv/TFG/datasets/train_spec/5/mel_spectrogram_mix_1.npy,5
258,/Users/Dani/Music-Voice-Level/venv/TFG/datasets/train_spec/5/mel_spectrogram_mix_835.npy,5
259,/Users/Dani/Music-Voice-Level/venv/TFG/datasets/train_spec/5/mel_spectrogram_mix_821.npy,5
260,/Users/Dani/Music-Voice-Level/venv/TFG/datasets/train_spec/5/mel_spectrogram_mix_1188.npy,5
261,/Users/Dani/Music-Voice-Level/venv/TFG/datasets/train_spec/5/mel_spectrogram_mix_809.npy,5
262,/Users/Dani/Music-Voice-Level/venv/TFG/datasets/train_spec/5/mel_spectrogram_mix_148.npy,5
263,/Users/Dani/Music-Voice-Level/venv/TFG/datasets/train_spec/5/mel_spectrogram_mix_1177.npy,5
264,/Users/Dani/Music-Voice-Level/venv/TFG/datasets/train_spec/5/mel_spectrogram_mix_1163.npy,5
265,/Users/Dani/Music-Voice-Level/venv/TFG/datasets/train_spec/5/mel_spectrogram_mix_174.npy,5
266,/Users/Dani/Music-Voice-Level/venv/TFG/datasets/train_spec/5/mel_spectrogram_mix_612.npy,5
267,/Users/Dani/Music-Voice-Level/venv/TFG/datasets/train_spec/5/mel_spectrogram_mix_606.npy,5
268,/Users/Dani/Music-Voice-Level/venv/TFG/datasets/train_spec/5/mel_spectrogram_mix_160.npy,5
269,/Users/Dani/Music-Voice-Level/venv/TFG/datasets/train_spec/5/mel_spectrogram_mix_607.npy,5
270,/Users/Dani/Music-Voice-Level/venv/TFG/datasets/train_spec/5/mel_spectrogram_mix_161.npy,5
271,/Users/Dani/Music-Voice-Level/venv/TFG/datasets/train_spec/5/mel_spectrogram_mix_175.npy,5
272,/Users/Dani/Music-Voice-Level/venv/TFG/datasets/train_spec/5/mel_spectrogram_mix_613.npy,5
273,/Users/Dani/Music-Voice-Level/venv/TFG/datasets/train_spec/5/mel_spectrogram_mix_1162.npy,5
274,/Users/Dani/Music-Voice-Level/venv/TFG/datasets/train_spec/5/mel_spectrogram_mix_1176.npy,5
275,/Users/Dani/Music-Voice-Level/venv/TFG/datasets/train_spec/5/mel_spectrogram_mix_149.npy,5
276,/Users/Dani/Music-Voice-Level/venv/TFG/datasets/train_spec/5/mel_spectrogram_mix_1189.npy,5
277,/Users/Dani/Music-Voice-Level/venv/TFG/datasets/train_spec/5/mel_spectrogram_mix_808.npy,5
278,/Users/Dani/Music-Voice-Level/venv/TFG/datasets/train_spec/5/mel_spectrogram_mix_820.npy,5
279,/Users/Dani/Music-Voice-Level/venv/TFG/datasets/train_spec/5/mel_spectrogram_mix_834.npy,5
280,/Users/Dani/Music-Voice-Level/venv/TFG/datasets/train_spec/5/mel_spectrogram_mix_363.npy,5
281,/Users/Dani/Music-Voice-Level/venv/TFG/datasets/train_spec/5/mel_spectrogram_mix_0.npy,5
282,/Users/Dani/Music-Voice-Level/venv/TFG/datasets/train_spec/5/mel_spectrogram_mix_58.npy,5
283,/Users/Dani/Music-Voice-Level/venv/TFG/datasets/train_spec/5/mel_spectrogram_mix_405.npy,5
284,/Users/Dani/Music-Voice-Level/venv/TFG/datasets/train_spec/5/mel_spectrogram_mix_411.npy,5
285,/Users/Dani/Music-Voice-Level/venv/TFG/datasets/train_spec/5/mel_spectrogram_mix_377.npy,5
286,/Users/Dani/Music-Voice-Level/venv/TFG/datasets/train_spec/5/mel_spectrogram_mix_439.npy,5
287,/Users/Dani/Music-Voice-Level/venv/TFG/datasets/train_spec/5/mel_spectrogram_mix_64.npy,5
288,/Users/Dani/Music-Voice-Level/venv/TFG/datasets/train_spec/5/mel_spectrogram_mix_70.npy,5
289,/Users/Dani/Music-Voice-Level/venv/TFG/datasets/train_spec/5/mel_spectrogram_mix_388.npy,5
290,/Users/Dani/Music-Voice-Level/venv/TFG/datasets/train_spec/5/mel_spectrogram_mix_217.npy,5
291,/Users/Dani/Music-Voice-Level/venv/TFG/datasets/train_spec/5/mel_spectrogram_mix_1228.npy,5
292,/Users/Dani/Music-Voice-Level/venv/TFG/datasets/train_spec/5/mel_spectrogram_mix_571.npy,5
293,/Users/Dani/Music-Voice-Level/venv/TFG/datasets/train_spec/5/mel_spectrogram_mix_565.npy,5
294,/Users/Dani/Music-Voice-Level/venv/TFG/datasets/train_spec/5/mel_spectrogram_mix_203.npy,5
295,/Users/Dani/Music-Voice-Level/venv/TFG/datasets/train_spec/5/mel_spectrogram_mix_1214.npy,5
296,/Users/Dani/Music-Voice-Level/venv/TFG/datasets/train_spec/5/mel_spectrogram_mix_559.npy,5
297,/Users/Dani/Music-Voice-Level/venv/TFG/datasets/train_spec/5/mel_spectrogram_mix_1200.npy,5
298,/Users/Dani/Music-Voice-Level/venv/TFG/datasets/train_spec/5/mel_spectrogram_mix_773.npy,5
299,/Users/Dani/Music-Voice-Level/venv/TFG/datasets/train_spec/5/mel_spectrogram_mix_767.npy,5
300,/Users/Dani/Music-Voice-Level/venv/TFG/datasets/train_spec/5/mel_spectrogram_mix_997.npy,5
301,/Users/Dani/Music-Voice-Level/venv/TFG/datasets/train_spec/5/mel_spectrogram_mix_1016.npy,5
302,/Users/Dani/Music-Voice-Level/venv/TFG/datasets/train_spec/5/mel_spectrogram_mix_1002.npy,5
303,/Users/Dani/Music-Voice-Level/venv/TFG/datasets/train_spec/5/mel_spectrogram_mix_983.npy,5
304,/Users/Dani/Music-Voice-Level/venv/TFG/datasets/train_spec/5/mel_spectrogram_mix_968.npy,5
305,/Users/Dani/Music-Voice-Level/venv/TFG/datasets/train_spec/5/mel_spectrogram_mix_954.npy,5
306,/Users/Dani/Music-Voice-Level/venv/TFG/datasets/train_spec/5/mel_spectrogram_mix_940.npy,5
307,/Users/Dani/Music-Voice-Level/venv/TFG/datasets/train_spec/5/mel_spectrogram_mix_798.npy,5
308,/Users/Dani/Music-Voice-Level/venv/TFG/datasets/train_spec/5/mel_spectrogram_mix_927.npy,5
309,/Users/Dani/Music-Voice-Level/venv/TFG/datasets/train_spec/5/mel_spectrogram_mix_933.npy,5
310,/Users/Dani/Music-Voice-Level/venv/TFG/datasets/train_spec/5/mel_spectrogram_mix_1059.npy,5
311,/Users/Dani/Music-Voice-Level/venv/TFG/datasets/train_spec/5/mel_spectrogram_mix_700.npy,5
312,/Users/Dani/Music-Voice-Level/venv/TFG/datasets/train_spec/5/mel_spectrogram_mix_714.npy,5
313,/Users/Dani/Music-Voice-Level/venv/TFG/datasets/train_spec/5/mel_spectrogram_mix_1065.npy,5
314,/Users/Dani/Music-Voice-Level/venv/TFG/datasets/train_spec/5/mel_spectrogram_mix_728.npy,5
315,/Users/Dani/Music-Voice-Level/venv/TFG/datasets/train_spec/5/mel_spectrogram_mix_1071.npy,5
316,/Users/Dani/Music-Voice-Level/venv/TFG/datasets/train_spec/5/mel_spectrogram_mix_502.npy,5
317,/Users/Dani/Music-Voice-Level/venv/TFG/datasets/train_spec/5/mel_spectrogram_mix_264.npy,5
318,/Users/Dani/Music-Voice-Level/venv/TFG/datasets/train_spec/5/mel_spectrogram_mix_270.npy,5
319,/Users/Dani/Music-Voice-Level/venv/TFG/datasets/train_spec/5/mel_spectrogram_mix_516.npy,5
320,/Users/Dani/Music-Voice-Level/venv/TFG/datasets/train_spec/5/mel_spectrogram_mix_258.npy,5
321,/Users/Dani/Music-Voice-Level/venv/TFG/datasets/train_spec/5/mel_spectrogram_mix_1267.npy,5
322,/Users/Dani/Music-Voice-Level/venv/TFG/datasets/train_spec/5/mel_spectrogram_mix_1273.npy,5
323,/Users/Dani/Music-Voice-Level/venv/TFG/datasets/train_spec/5/mel_spectrogram_mix_489.npy,5
324,/Users/Dani/Music-Voice-Level/venv/TFG/datasets/train_spec/5/mel_spectrogram_mix_476.npy,5
325,/Users/Dani/Music-Voice-Level/venv/TFG/datasets/train_spec/5/mel_spectrogram_mix_310.npy,5
326,/Users/Dani/Music-Voice-Level/venv/TFG/datasets/train_spec/5/mel_spectrogram_mix_304.npy,5
327,/Users/Dani/Music-Voice-Level/venv/TFG/datasets/train_spec/5/mel_spectrogram_mix_462.npy,5
328,/Users/Dani/Music-Voice-Level/venv/TFG/datasets/train_spec/5/mel_spectrogram_mix_17.npy,5
329,/Users/Dani/Music-Voice-Level/venv/TFG/datasets/train_spec/5/mel_spectrogram_mix_338.npy,5
330,/Users/Dani/Music-Voice-Level/venv/TFG/datasets/train_spec/5/mel_spectrogram_mix_853.npy,5
331,/Users/Dani/Music-Voice-Level/venv/TFG/datasets/train_spec/5/mel_spectrogram_mix_847.npy,5
332,/Users/Dani/Music-Voice-Level/venv/TFG/datasets/train_spec/5/mel_spectrogram_mix_112.npy,5
333,/Users/Dani/Music-Voice-Level/venv/TFG/datasets/train_spec/5/mel_spectrogram_mix_674.npy,5
334,/Users/Dani/Music-Voice-Level/venv/TFG/datasets/train_spec/5/mel_spectrogram_mix_660.npy,5
335,/Users/Dani/Music-Voice-Level/venv/TFG/datasets/train_spec/5/mel_spectrogram_mix_1139.npy,5
336,/Users/Dani/Music-Voice-Level/venv/TFG/datasets/train_spec/5/mel_spectrogram_mix_106.npy,5
337,/Users/Dani/Music-Voice-Level/venv/TFG/datasets/train_spec/5/mel_spectrogram_mix_1111.npy,5
338,/Users/Dani/Music-Voice-Level/venv/TFG/datasets/train_spec/5/mel_spectrogram_mix_648.npy,5
339,/Users/Dani/Music-Voice-Level/venv/TFG/datasets/train_spec/5/mel_spectrogram_mix_890.npy,5
340,/Users/Dani/Music-Voice-Level/venv/TFG/datasets/train_spec/5/mel_spectrogram_mix_884.npy,5
341,/Users/Dani/Music-Voice-Level/venv/TFG/datasets/train_spec/5/mel_spectrogram_mix_1105.npy,5
342,/Users/Dani/Music-Voice-Level/venv/TFG/datasets/train_spec/5/mel_spectrogram_mix_885.npy,5
343,/Users/Dani/Music-Voice-Level/venv/TFG/datasets/train_spec/5/mel_spectrogram_mix_1104.npy,5
344,/Users/Dani/Music-Voice-Level/venv/TFG/datasets/train_spec/5/mel_spectrogram_mix_1110.npy,5
345,/Users/Dani/Music-Voice-Level/venv/TFG/datasets/train_spec/5/mel_spectrogram_mix_891.npy,5
346,/Users/Dani/Music-Voice-Level/venv/TFG/datasets/train_spec/5/mel_spectrogram_mix_649.npy,5
347,/Users/Dani/Music-Voice-Level/venv/TFG/datasets/train_spec/5/mel_spectrogram_mix_661.npy,5
348,/Users/Dani/Music-Voice-Level/venv/TFG/datasets/train_spec/5/mel_spectrogram_mix_107.npy,5
349,/Users/Dani/Music-Voice-Level/venv/TFG/datasets/train_spec/5/mel_spectrogram_mix_1138.npy,5
350,/Users/Dani/Music-Voice-Level/venv/TFG/datasets/train_spec/5/mel_spectrogram_mix_113.npy,5
351,/Users/Dani/Music-Voice-Level/venv/TFG/datasets/train_spec/5/mel_spectrogram_mix_675.npy,5
352,/Users/Dani/Music-Voice-Level/venv/TFG/datasets/train_spec/5/mel_spectrogram_mix_846.npy,5
353,/Users/Dani/Music-Voice-Level/venv/TFG/datasets/train_spec/5/mel_spectrogram_mix_852.npy,5
354,/Users/Dani/Music-Voice-Level/venv/TFG/datasets/train_spec/5/mel_spectrogram_mix_339.npy,5
355,/Users/Dani/Music-Voice-Level/venv/TFG/datasets/train_spec/5/mel_spectrogram_mix_16.npy,5
356,/Users/Dani/Music-Voice-Level/venv/TFG/datasets/train_spec/5/mel_spectrogram_mix_305.npy,5
357,/Users/Dani/Music-Voice-Level/venv/TFG/datasets/train_spec/5/mel_spectrogram_mix_463.npy,5
358,/Users/Dani/Music-Voice-Level/venv/TFG/datasets/train_spec/5/mel_spectrogram_mix_477.npy,5
359,/Users/Dani/Music-Voice-Level/venv/TFG/datasets/train_spec/5/mel_spectrogram_mix_311.npy,5
360,/Users/Dani/Music-Voice-Level/venv/TFG/datasets/train_spec/5/mel_spectrogram_mix_488.npy,5
361,/Users/Dani/Music-Voice-Level/venv/TFG/datasets/train_spec/5/mel_spectrogram_mix_1272.npy,5
362,/Users/Dani/Music-Voice-Level/venv/TFG/datasets/train_spec/5/mel_spectrogram_mix_1266.npy,5
363,/Users/Dani/Music-Voice-Level/venv/TFG/datasets/train_spec/5/mel_spectrogram_mix_259.npy,5
364,/Users/Dani/Music-Voice-Level/venv/TFG/datasets/train_spec/5/mel_spectrogram_mix_271.npy,5
365,/Users/Dani/Music-Voice-Level/venv/TFG/datasets/train_spec/5/mel_spectrogram_mix_517.npy,5
366,/Users/Dani/Music-Voice-Level/venv/TFG/datasets/train_spec/5/mel_spectrogram_mix_503.npy,5
367,/Users/Dani/Music-Voice-Level/venv/TFG/datasets/train_spec/5/mel_spectrogram_mix_265.npy,5
368,/Users/Dani/Music-Voice-Level/venv/TFG/datasets/train_spec/5/mel_spectrogram_mix_729.npy,5
369,/Users/Dani/Music-Voice-Level/venv/TFG/datasets/train_spec/5/mel_spectrogram_mix_1070.npy,5
370,/Users/Dani/Music-Voice-Level/venv/TFG/datasets/train_spec/5/mel_spectrogram_mix_1064.npy,5
371,/Users/Dani/Music-Voice-Level/venv/TFG/datasets/train_spec/5/mel_spectrogram_mix_715.npy,5
372,/Users/Dani/Music-Voice-Level/venv/TFG/datasets/train_spec/5/mel_spectrogram_mix_1058.npy,5
373,/Users/Dani/Music-Voice-Level/venv/TFG/datasets/train_spec/5/mel_spectrogram_mix_701.npy,5
374,/Users/Dani/Music-Voice-Level/venv/TFG/datasets/train_spec/5/mel_spectrogram_mix_932.npy,5
375,/Users/Dani/Music-Voice-Level/venv/TFG/datasets/train_spec/5/mel_spectrogram_mix_926.npy,5
376,/Users/Dani/Music-Voice-Level/venv/TFG/datasets/train_spec/5/mel_spectrogram_mix_918.npy,5
377,/Users/Dani/Music-Voice-Level/venv/TFG/datasets/train_spec/5/mel_spectrogram_mix_1099.npy,5
378,/Users/Dani/Music-Voice-Level/venv/TFG/datasets/train_spec/5/mel_spectrogram_mix_930.npy,5
379,/Users/Dani/Music-Voice-Level/venv/TFG/datasets/train_spec/5/mel_spectrogram_mix_924.npy,5
380,/Users/Dani/Music-Voice-Level/venv/TFG/datasets/train_spec/5/mel_spectrogram_mix_717.npy,5
381,/Users/Dani/Music-Voice-Level/venv/TFG/datasets/train_spec/5/mel_spectrogram_mix_703.npy,5
382,/Users/Dani/Music-Voice-Level/venv/TFG/datasets/train_spec/5/mel_spectrogram_mix_1072.npy,5
383,/Users/Dani/Music-Voice-Level/venv/TFG/datasets/train_spec/5/mel_spectrogram_mix_1066.npy,5
384,/Users/Dani/Music-Voice-Level/venv/TFG/datasets/train_spec/5/mel_spectrogram_mix_298.npy,5
385,/Users/Dani/Music-Voice-Level/venv/TFG/datasets/train_spec/5/mel_spectrogram_mix_515.npy,5
386,/Users/Dani/Music-Voice-Level/venv/TFG/datasets/train_spec/5/mel_spectrogram_mix_273.npy,5
387,/Users/Dani/Music-Voice-Level/venv/TFG/datasets/train_spec/5/mel_spectrogram_mix_1258.npy,5
388,/Users/Dani/Music-Voice-Level/venv/TFG/datasets/train_spec/5/mel_spectrogram_mix_267.npy,5
389,/Users/Dani/Music-Voice-Level/venv/TFG/datasets/train_spec/5/mel_spectrogram_mix_501.npy,5
390,/Users/Dani/Music-Voice-Level/venv/TFG/datasets/train_spec/5/mel_spectrogram_mix_529.npy,5
391,/Users/Dani/Music-Voice-Level/venv/TFG/datasets/train_spec/5/mel_spectrogram_mix_1270.npy,5
392,/Users/Dani/Music-Voice-Level/venv/TFG/datasets/train_spec/5/mel_spectrogram_mix_1264.npy,5
393,/Users/Dani/Music-Voice-Level/venv/TFG/datasets/train_spec/5/mel_spectrogram_mix_461.npy,5
394,/Users/Dani/Music-Voice-Level/venv/TFG/datasets/train_spec/5/mel_spectrogram_mix_307.npy,5
395,/Users/Dani/Music-Voice-Level/venv/TFG/datasets/train_spec/5/mel_spectrogram_mix_313.npy,5
396,/Users/Dani/Music-Voice-Level/venv/TFG/datasets/train_spec/5/mel_spectrogram_mix_475.npy,5
397,/Users/Dani/Music-Voice-Level/venv/TFG/datasets/train_spec/5/mel_spectrogram_mix_28.npy,5
398,/Users/Dani/Music-Voice-Level/venv/TFG/datasets/train_spec/5/mel_spectrogram_mix_14.npy,5
399,/Users/Dani/Music-Voice-Level/venv/TFG/datasets/train_spec/5/mel_spectrogram_mix_449.npy,5
400,/Users/Dani/Music-Voice-Level/venv/TFG/datasets/train_spec/5/mel_spectrogram_mix_878.npy,5
401,/Users/Dani/Music-Voice-Level/venv/TFG/datasets/train_spec/5/mel_spectrogram_mix_844.npy,5
402,/Users/Dani/Music-Voice-Level/venv/TFG/datasets/train_spec/5/mel_spectrogram_mix_850.npy,5
403,/Users/Dani/Music-Voice-Level/venv/TFG/datasets/train_spec/5/mel_spectrogram_mix_688.npy,5
404,/Users/Dani/Music-Voice-Level/venv/TFG/datasets/train_spec/5/mel_spectrogram_mix_105.npy,5
405,/Users/Dani/Music-Voice-Level/venv/TFG/datasets/train_spec/5/mel_spectrogram_mix_663.npy,5
406,/Users/Dani/Music-Voice-Level/venv/TFG/datasets/train_spec/5/mel_spectrogram_mix_677.npy,5
407,/Users/Dani/Music-Voice-Level/venv/TFG/datasets/train_spec/5/mel_spectrogram_mix_111.npy,5
408,/Users/Dani/Music-Voice-Level/venv/TFG/datasets/train_spec/5/mel_spectrogram_mix_139.npy,5
409,/Users/Dani/Music-Voice-Level/venv/TFG/datasets/train_spec/5/mel_spectrogram_mix_1106.npy,5
410,/Users/Dani/Music-Voice-Level/venv/TFG/datasets/train_spec/5/mel_spectrogram_mix_887.npy,5
411,/Users/Dani/Music-Voice-Level/venv/TFG/datasets/train_spec/5/mel_spectrogram_mix_893.npy,5
412,/Users/Dani/Music-Voice-Level/venv/TFG/datasets/train_spec/5/mel_spectrogram_mix_1112.npy,5
413,/Users/Dani/Music-Voice-Level/venv/TFG/datasets/train_spec/5/mel_spectrogram_mix_892.npy,5
414,/Users/Dani/Music-Voice-Level/venv/TFG/datasets/train_spec/5/mel_spectrogram_mix_1113.npy,5
415,/Users/Dani/Music-Voice-Level/venv/TFG/datasets/train_spec/5/mel_spectrogram_mix_1107.npy,5
416,/Users/Dani/Music-Voice-Level/venv/TFG/datasets/train_spec/5/mel_spectrogram_mix_138.npy,5
417,/Users/Dani/Music-Voice-Level/venv/TFG/datasets/train_spec/5/mel_spectrogram_mix_886.npy,5
418,/Users/Dani/Music-Voice-Level/venv/TFG/datasets/train_spec/5/mel_spectrogram_mix_676.npy,5
419,/Users/Dani/Music-Voice-Level/venv/TFG/datasets/train_spec/5/mel_spectrogram_mix_110.npy,5
420,/Users/Dani/Music-Voice-Level/venv/TFG/datasets/train_spec/5/mel_spectrogram_mix_104.npy,5
421,/Users/Dani/Music-Voice-Level/venv/TFG/datasets/train_spec/5/mel_spectrogram_mix_662.npy,5
422,/Users/Dani/Music-Voice-Level/venv/TFG/datasets/train_spec/5/mel_spectrogram_mix_689.npy,5
423,/Users/Dani/Music-Voice-Level/venv/TFG/datasets/train_spec/5/mel_spectrogram_mix_851.npy,5
424,/Users/Dani/Music-Voice-Level/venv/TFG/datasets/train_spec/5/mel_spectrogram_mix_845.npy,5
425,/Users/Dani/Music-Voice-Level/venv/TFG/datasets/train_spec/5/mel_spectrogram_mix_879.npy,5
426,/Users/Dani/Music-Voice-Level/venv/TFG/datasets/train_spec/5/mel_spectrogram_mix_448.npy,5
427,/Users/Dani/Music-Voice-Level/venv/TFG/datasets/train_spec/5/mel_spectrogram_mix_15.npy,5
428,/Users/Dani/Music-Voice-Level/venv/TFG/datasets/train_spec/5/mel_spectrogram_mix_312.npy,5
429,/Users/Dani/Music-Voice-Level/venv/TFG/datasets/train_spec/5/mel_spectrogram_mix_29.npy,5
430,/Users/Dani/Music-Voice-Level/venv/TFG/datasets/train_spec/5/mel_spectrogram_mix_474.npy,5
431,/Users/Dani/Music-Voice-Level/venv/TFG/datasets/train_spec/5/mel_spectrogram_mix_460.npy,5
432,/Users/Dani/Music-Voice-Level/venv/TFG/datasets/train_spec/5/mel_spectrogram_mix_306.npy,5
433,/Users/Dani/Music-Voice-Level/venv/TFG/datasets/train_spec/5/mel_spectrogram_mix_1265.npy,5
434,/Users/Dani/Music-Voice-Level/venv/TFG/datasets/train_spec/5/mel_spectrogram_mix_528.npy,5
435,/Users/Dani/Music-Voice-Level/venv/TFG/datasets/train_spec/5/mel_spectrogram_mix_1271.npy,5
436,/Users/Dani/Music-Voice-Level/venv/TFG/datasets/train_spec/5/mel_spectrogram_mix_266.npy,5
437,/Users/Dani/Music-Voice-Level/venv/TFG/datasets/train_spec/5/mel_spectrogram_mix_1259.npy,5
438,/Users/Dani/Music-Voice-Level/venv/TFG/datasets/train_spec/5/mel_spectrogram_mix_500.npy,5
439,/Users/Dani/Music-Voice-Level/venv/TFG/datasets/train_spec/5/mel_spectrogram_mix_514.npy,5
440,/Users/Dani/Music-Voice-Level/venv/TFG/datasets/train_spec/5/mel_spectrogram_mix_272.npy,5
441,/Users/Dani/Music-Voice-Level/venv/TFG/datasets/train_spec/5/mel_spectrogram_mix_299.npy,5
442,/Users/Dani/Music-Voice-Level/venv/TFG/datasets/train_spec/5/mel_spectrogram_mix_1067.npy,5
443,/Users/Dani/Music-Voice-Level/venv/TFG/datasets/train_spec/5/mel_spectrogram_mix_1073.npy,5
444,/Users/Dani/Music-Voice-Level/venv/TFG/datasets/train_spec/5/mel_spectrogram_mix_702.npy,5
445,/Users/Dani/Music-Voice-Level/venv/TFG/datasets/train_spec/5/mel_spectrogram_mix_716.npy,5
446,/Users/Dani/Music-Voice-Level/venv/TFG/datasets/train_spec/5/mel_spectrogram_mix_925.npy,5
447,/Users/Dani/Music-Voice-Level/venv/TFG/datasets/train_spec/5/mel_spectrogram_mix_931.npy,5
448,/Users/Dani/Music-Voice-Level/venv/TFG/datasets/train_spec/5/mel_spectrogram_mix_919.npy,5
449,/Users/Dani/Music-Voice-Level/venv/TFG/datasets/train_spec/5/mel_spectrogram_mix_1098.npy,5
450,/Users/Dani/Music-Voice-Level/venv/TFG/datasets/train_spec/5/mel_spectrogram_mix_935.npy,5
451,/Users/Dani/Music-Voice-Level/venv/TFG/datasets/train_spec/5/mel_spectrogram_mix_921.npy,5
452,/Users/Dani/Music-Voice-Level/venv/TFG/datasets/train_spec/5/mel_spectrogram_mix_909.npy,5
453,/Users/Dani/Music-Voice-Level/venv/TFG/datasets/train_spec/5/mel_spectrogram_mix_1088.npy,5
454,/Users/Dani/Music-Voice-Level/venv/TFG/datasets/train_spec/5/mel_spectrogram_mix_1077.npy,5
455,/Users/Dani/Music-Voice-Level/venv/TFG/datasets/train_spec/5/mel_spectrogram_mix_1063.npy,5
456,/Users/Dani/Music-Voice-Level/venv/TFG/datasets/train_spec/5/mel_spectrogram_mix_712.npy,5
457,/Users/Dani/Music-Voice-Level/venv/TFG/datasets/train_spec/5/mel_spectrogram_mix_706.npy,5
458,/Users/Dani/Music-Voice-Level/venv/TFG/datasets/train_spec/5/mel_spectrogram_mix_289.npy,5
459,/Users/Dani/Music-Voice-Level/venv/TFG/datasets/train_spec/5/mel_spectrogram_mix_1275.npy,5
460,/Users/Dani/Music-Voice-Level/venv/TFG/datasets/train_spec/5/mel_spectrogram_mix_538.npy,5
461,/Users/Dani/Music-Voice-Level/venv/TFG/datasets/train_spec/5/mel_spectrogram_mix_1261.npy,5
462,/Users/Dani/Music-Voice-Level/venv/TFG/datasets/train_spec/5/mel_spectrogram_mix_276.npy,5
463,/Users/Dani/Music-Voice-Level/venv/TFG/datasets/train_spec/5/mel_spectrogram_mix_1249.npy,5
464,/Users/Dani/Music-Voice-Level/venv/TFG/datasets/train_spec/5/mel_spectrogram_mix_510.npy,5
465,/Users/Dani/Music-Voice-Level/venv/TFG/datasets/train_spec/5/mel_spectrogram_mix_504.npy,5
466,/Users/Dani/Music-Voice-Level/venv/TFG/datasets/train_spec/5/mel_spectrogram_mix_262.npy,5
467,/Users/Dani/Music-Voice-Level/venv/TFG/datasets/train_spec/5/mel_spectrogram_mix_458.npy,5
468,/Users/Dani/Music-Voice-Level/venv/TFG/datasets/train_spec/5/mel_spectrogram_mix_11.npy,5
469,/Users/Dani/Music-Voice-Level/venv/TFG/datasets/train_spec/5/mel_spectrogram_mix_302.npy,5
470,/Users/Dani/Music-Voice-Level/venv/TFG/datasets/train_spec/5/mel_spectrogram_mix_464.npy,5
471,/Users/Dani/Music-Voice-Level/venv/TFG/datasets/train_spec/5/mel_spectrogram_mix_39.npy,5
472,/Users/Dani/Music-Voice-Level/venv/TFG/datasets/train_spec/5/mel_spectrogram_mix_470.npy,5
473,/Users/Dani/Music-Voice-Level/venv/TFG/datasets/train_spec/5/mel_spectrogram_mix_316.npy,5
474,/Users/Dani/Music-Voice-Level/venv/TFG/datasets/train_spec/5/mel_spectrogram_mix_841.npy,5
475,/Users/Dani/Music-Voice-Level/venv/TFG/datasets/train_spec/5/mel_spectrogram_mix_699.npy,5
476,/Users/Dani/Music-Voice-Level/venv/TFG/datasets/train_spec/5/mel_spectrogram_mix_855.npy,5
477,/Users/Dani/Music-Voice-Level/venv/TFG/datasets/train_spec/5/mel_spectrogram_mix_869.npy,5
478,/Users/Dani/Music-Voice-Level/venv/TFG/datasets/train_spec/5/mel_spectrogram_mix_882.npy,5
479,/Users/Dani/Music-Voice-Level/venv/TFG/datasets/train_spec/5/mel_spectrogram_mix_1103.npy,5
480,/Users/Dani/Music-Voice-Level/venv/TFG/datasets/train_spec/5/mel_spectrogram_mix_1117.npy,5
481,/Users/Dani/Music-Voice-Level/venv/TFG/datasets/train_spec/5/mel_spectrogram_mix_128.npy,5
482,/Users/Dani/Music-Voice-Level/venv/TFG/datasets/train_spec/5/mel_spectrogram_mix_896.npy,5
483,/Users/Dani/Music-Voice-Level/venv/TFG/datasets/train_spec/5/mel_spectrogram_mix_666.npy,5
484,/Users/Dani/Music-Voice-Level/venv/TFG/datasets/train_spec/5/mel_spectrogram_mix_100.npy,5
485,/Users/Dani/Music-Voice-Level/venv/TFG/datasets/train_spec/5/mel_spectrogram_mix_114.npy,5
486,/Users/Dani/Music-Voice-Level/venv/TFG/datasets/train_spec/5/mel_spectrogram_mix_672.npy,5
487,/Users/Dani/Music-Voice-Level/venv/TFG/datasets/train_spec/5/mel_spectrogram_mix_115.npy,5
488,/Users/Dani/Music-Voice-Level/venv/TFG/datasets/train_spec/5/mel_spectrogram_mix_673.npy,5
489,/Users/Dani/Music-Voice-Level/venv/TFG/datasets/train_spec/5/mel_spectrogram_mix_667.npy,5
490,/Users/Dani/Music-Voice-Level/venv/TFG/datasets/train_spec/5/mel_spectrogram_mix_101.npy,5
491,/Users/Dani/Music-Voice-Level/venv/TFG/datasets/train_spec/5/mel_spectrogram_mix_129.npy,5
492,/Users/Dani/Music-Voice-Level/venv/TFG/datasets/train_spec/5/mel_spectrogram_mix_1116.npy,5
493,/Users/Dani/Music-Voice-Level/venv/TFG/datasets/train_spec/5/mel_spectrogram_mix_897.npy,5
494,/Users/Dani/Music-Voice-Level/venv/TFG/datasets/train_spec/5/mel_spectrogram_mix_883.npy,5
495,/Users/Dani/Music-Voice-Level/venv/TFG/datasets/train_spec/5/mel_spectrogram_mix_1102.npy,5
496,/Users/Dani/Music-Voice-Level/venv/TFG/datasets/train_spec/5/mel_spectrogram_mix_868.npy,5
497,/Users/Dani/Music-Voice-Level/venv/TFG/datasets/train_spec/5/mel_spectrogram_mix_854.npy,5
498,/Users/Dani/Music-Voice-Level/venv/TFG/datasets/train_spec/5/mel_spectrogram_mix_698.npy,5
499,/Users/Dani/Music-Voice-Level/venv/TFG/datasets/train_spec/5/mel_spectrogram_mix_840.npy,5
500,/Users/Dani/Music-Voice-Level/venv/TFG/datasets/train_spec/5/mel_spectrogram_mix_471.npy,5
501,/Users/Dani/Music-Voice-Level/venv/TFG/datasets/train_spec/5/mel_spectrogram_mix_317.npy,5
502,/Users/Dani/Music-Voice-Level/venv/TFG/datasets/train_spec/5/mel_spectrogram_mix_303.npy,5
503,/Users/Dani/Music-Voice-Level/venv/TFG/datasets/train_spec/5/mel_spectrogram_mix_38.npy,5
504,/Users/Dani/Music-Voice-Level/venv/TFG/datasets/train_spec/5/mel_spectrogram_mix_465.npy,5
505,/Users/Dani/Music-Voice-Level/venv/TFG/datasets/train_spec/5/mel_spectrogram_mix_10.npy,5
506,/Users/Dani/Music-Voice-Level/venv/TFG/datasets/train_spec/5/mel_spectrogram_mix_459.npy,5
507,/Users/Dani/Music-Voice-Level/venv/TFG/datasets/train_spec/5/mel_spectrogram_mix_505.npy,5
508,/Users/Dani/Music-Voice-Level/venv/TFG/datasets/train_spec/5/mel_spectrogram_mix_263.npy,5
509,/Users/Dani/Music-Voice-Level/venv/TFG/datasets/train_spec/5/mel_spectrogram_mix_1248.npy,5
510,/Users/Dani/Music-Voice-Level/venv/TFG/datasets/train_spec/5/mel_spectrogram_mix_277.npy,5
511,/Users/Dani/Music-Voice-Level/venv/TFG/datasets/train_spec/5/mel_spectrogram_mix_511.npy,5
512,/Users/Dani/Music-Voice-Level/venv/TFG/datasets/train_spec/5/mel_spectrogram_mix_539.npy,5
513,/Users/Dani/Music-Voice-Level/venv/TFG/datasets/train_spec/5/mel_spectrogram_mix_1260.npy,5
514,/Users/Dani/Music-Voice-Level/venv/TFG/datasets/train_spec/5/mel_spectrogram_mix_1274.npy,5
515,/Users/Dani/Music-Voice-Level/venv/TFG/datasets/train_spec/5/mel_spectrogram_mix_288.npy,5
516,/Users/Dani/Music-Voice-Level/venv/TFG/datasets/train_spec/5/mel_spectrogram_mix_707.npy,5
517,/Users/Dani/Music-Voice-Level/venv/TFG/datasets/train_spec/5/mel_spectrogram_mix_713.npy,5
518,/Users/Dani/Music-Voice-Level/venv/TFG/datasets/train_spec/5/mel_spectrogram_mix_1062.npy,5
519,/Users/Dani/Music-Voice-Level/venv/TFG/datasets/train_spec/5/mel_spectrogram_mix_1076.npy,5
520,/Users/Dani/Music-Voice-Level/venv/TFG/datasets/train_spec/5/mel_spectrogram_mix_908.npy,5
521,/Users/Dani/Music-Voice-Level/venv/TFG/datasets/train_spec/5/mel_spectrogram_mix_1089.npy,5
522,/Users/Dani/Music-Voice-Level/venv/TFG/datasets/train_spec/5/mel_spectrogram_mix_920.npy,5
523,/Users/Dani/Music-Voice-Level/venv/TFG/datasets/train_spec/5/mel_spectrogram_mix_934.npy,5
524,/Users/Dani/Music-Voice-Level/venv/TFG/datasets/train_spec/5/mel_spectrogram_mix_922.npy,5
525,/Users/Dani/Music-Voice-Level/venv/TFG/datasets/train_spec/5/mel_spectrogram_mix_936.npy,5
526,/Users/Dani/Music-Voice-Level/venv/TFG/datasets/train_spec/5/mel_spectrogram_mix_739.npy,5
527,/Users/Dani/Music-Voice-Level/venv/TFG/datasets/train_spec/5/mel_spectrogram_mix_1060.npy,5
528,/Users/Dani/Music-Voice-Level/venv/TFG/datasets/train_spec/5/mel_spectrogram_mix_1074.npy,5
529,/Users/Dani/Music-Voice-Level/venv/TFG/datasets/train_spec/5/mel_spectrogram_mix_705.npy,5
530,/Users/Dani/Music-Voice-Level/venv/TFG/datasets/train_spec/5/mel_spectrogram_mix_1048.npy,5
531,/Users/Dani/Music-Voice-Level/venv/TFG/datasets/train_spec/5/mel_spectrogram_mix_711.npy,5
532,/Users/Dani/Music-Voice-Level/venv/TFG/datasets/train_spec/5/mel_spectrogram_mix_1262.npy,5
533,/Users/Dani/Music-Voice-Level/venv/TFG/datasets/train_spec/5/mel_spectrogram_mix_1276.npy,5
534,/Users/Dani/Music-Voice-Level/venv/TFG/datasets/train_spec/5/mel_spectrogram_mix_249.npy,5
535,/Users/Dani/Music-Voice-Level/venv/TFG/datasets/train_spec/5/mel_spectrogram_mix_261.npy,5
536,/Users/Dani/Music-Voice-Level/venv/TFG/datasets/train_spec/5/mel_spectrogram_mix_507.npy,5
537,/Users/Dani/Music-Voice-Level/venv/TFG/datasets/train_spec/5/mel_spectrogram_mix_513.npy,5
538,/Users/Dani/Music-Voice-Level/venv/TFG/datasets/train_spec/5/mel_spectrogram_mix_275.npy,5
539,/Users/Dani/Music-Voice-Level/venv/TFG/datasets/train_spec/5/mel_spectrogram_mix_498.npy,5
540,/Users/Dani/Music-Voice-Level/venv/TFG/datasets/train_spec/5/mel_spectrogram_mix_329.npy,5
541,/Users/Dani/Music-Voice-Level/venv/TFG/datasets/train_spec/5/mel_spectrogram_mix_12.npy,5
542,/Users/Dani/Music-Voice-Level/venv/TFG/datasets/train_spec/5/mel_spectrogram_mix_315.npy,5
543,/Users/Dani/Music-Voice-Level/venv/TFG/datasets/train_spec/5/mel_spectrogram_mix_473.npy,5
544,/Users/Dani/Music-Voice-Level/venv/TFG/datasets/train_spec/5/mel_spectrogram_mix_467.npy,5
545,/Users/Dani/Music-Voice-Level/venv/TFG/datasets/train_spec/5/mel_spectrogram_mix_301.npy,5
546,/Users/Dani/Music-Voice-Level/venv/TFG/datasets/train_spec/5/mel_spectrogram_mix_856.npy,5
547,/Users/Dani/Music-Voice-Level/venv/TFG/datasets/train_spec/5/mel_spectrogram_mix_842.npy,5
548,/Users/Dani/Music-Voice-Level/venv/TFG/datasets/train_spec/5/mel_spectrogram_mix_895.npy,5
549,/Users/Dani/Music-Voice-Level/venv/TFG/datasets/train_spec/5/mel_spectrogram_mix_1114.npy,5
550,/Users/Dani/Music-Voice-Level/venv/TFG/datasets/train_spec/5/mel_spectrogram_mix_1100.npy,5
551,/Users/Dani/Music-Voice-Level/venv/TFG/datasets/train_spec/5/mel_spectrogram_mix_659.npy,5
552,/Users/Dani/Music-Voice-Level/venv/TFG/datasets/train_spec/5/mel_spectrogram_mix_881.npy,5
553,/Users/Dani/Music-Voice-Level/venv/TFG/datasets/train_spec/5/mel_spectrogram_mix_671.npy,5
554,/Users/Dani/Music-Voice-Level/venv/TFG/datasets/train_spec/5/mel_spectrogram_mix_117.npy,5
555,/Users/Dani/Music-Voice-Level/venv/TFG/datasets/train_spec/5/mel_spectrogram_mix_1128.npy,5
556,/Users/Dani/Music-Voice-Level/venv/TFG/datasets/train_spec/5/mel_spectrogram_mix_103.npy,5
557,/Users/Dani/Music-Voice-Level/venv/TFG/datasets/train_spec/5/mel_spectrogram_mix_665.npy,5
558,/Users/Dani/Music-Voice-Level/venv/TFG/datasets/train_spec/5/mel_spectrogram_mix_102.npy,5
559,/Users/Dani/Music-Voice-Level/venv/TFG/datasets/train_spec/5/mel_spectrogram_mix_664.npy,5
560,/Users/Dani/Music-Voice-Level/venv/TFG/datasets/train_spec/5/mel_spectrogram_mix_670.npy,5
561,/Users/Dani/Music-Voice-Level/venv/TFG/datasets/train_spec/5/mel_spectrogram_mix_1129.npy,5
562,/Users/Dani/Music-Voice-Level/venv/TFG/datasets/train_spec/5/mel_spectrogram_mix_116.npy,5
563,/Users/Dani/Music-Voice-Level/venv/TFG/datasets/train_spec/5/mel_spectrogram_mix_1101.npy,5
564,/Users/Dani/Music-Voice-Level/venv/TFG/datasets/train_spec/5/mel_spectrogram_mix_880.npy,5
565,/Users/Dani/Music-Voice-Level/venv/TFG/datasets/train_spec/5/mel_spectrogram_mix_658.npy,5
566,/Users/Dani/Music-Voice-Level/venv/TFG/datasets/train_spec/5/mel_spectrogram_mix_894.npy,5
567,/Users/Dani/Music-Voice-Level/venv/TFG/datasets/train_spec/5/mel_spectrogram_mix_1115.npy,5
568,/Users/Dani/Music-Voice-Level/venv/TFG/datasets/train_spec/5/mel_spectrogram_mix_843.npy,5
569,/Users/Dani/Music-Voice-Level/venv/TFG/datasets/train_spec/5/mel_spectrogram_mix_857.npy,5
570,/Users/Dani/Music-Voice-Level/venv/TFG/datasets/train_spec/5/mel_spectrogram_mix_466.npy,5
571,/Users/Dani/Music-Voice-Level/venv/TFG/datasets/train_spec/5/mel_spectrogram_mix_300.npy,5
572,/Users/Dani/Music-Voice-Level/venv/TFG/datasets/train_spec/5/mel_spectrogram_mix_314.npy,5
573,/Users/Dani/Music-Voice-Level/venv/TFG/datasets/train_spec/5/mel_spectrogram_mix_472.npy,5
574,/Users/Dani/Music-Voice-Level/venv/TFG/datasets/train_spec/5/mel_spectrogram_mix_328.npy,5
575,/Users/Dani/Music-Voice-Level/venv/TFG/datasets/train_spec/5/mel_spectrogram_mix_13.npy,5
576,/Users/Dani/Music-Voice-Level/venv/TFG/datasets/train_spec/5/mel_spectrogram_mix_499.npy,5
577,/Users/Dani/Music-Voice-Level/venv/TFG/datasets/train_spec/5/mel_spectrogram_mix_512.npy,5
578,/Users/Dani/Music-Voice-Level/venv/TFG/datasets/train_spec/5/mel_spectrogram_mix_274.npy,5
579,/Users/Dani/Music-Voice-Level/venv/TFG/datasets/train_spec/5/mel_spectrogram_mix_260.npy,5
580,/Users/Dani/Music-Voice-Level/venv/TFG/datasets/train_spec/5/mel_spectrogram_mix_506.npy,5
581,/Users/Dani/Music-Voice-Level/venv/TFG/datasets/train_spec/5/mel_spectrogram_mix_248.npy,5
582,/Users/Dani/Music-Voice-Level/venv/TFG/datasets/train_spec/5/mel_spectrogram_mix_1277.npy,5
583,/Users/Dani/Music-Voice-Level/venv/TFG/datasets/train_spec/5/mel_spectrogram_mix_1263.npy,5
584,/Users/Dani/Music-Voice-Level/venv/TFG/datasets/train_spec/5/mel_spectrogram_mix_1049.npy,5
585,/Users/Dani/Music-Voice-Level/venv/TFG/datasets/train_spec/5/mel_spectrogram_mix_710.npy,5
586,/Users/Dani/Music-Voice-Level/venv/TFG/datasets/train_spec/5/mel_spectrogram_mix_704.npy,5
587,/Users/Dani/Music-Voice-Level/venv/TFG/datasets/train_spec/5/mel_spectrogram_mix_1075.npy,5
588,/Users/Dani/Music-Voice-Level/venv/TFG/datasets/train_spec/5/mel_spectrogram_mix_738.npy,5
589,/Users/Dani/Music-Voice-Level/venv/TFG/datasets/train_spec/5/mel_spectrogram_mix_1061.npy,5
590,/Users/Dani/Music-Voice-Level/venv/TFG/datasets/train_spec/5/mel_spectrogram_mix_937.npy,5
591,/Users/Dani/Music-Voice-Level/venv/TFG/datasets/train_spec/5/mel_spectrogram_mix_923.npy,5
592,/Users/Dani/Music-Voice-Level/venv/TFG/datasets/train_spec/5/mel_spectrogram_mix_1087.npy,5
593,/Users/Dani/Music-Voice-Level/venv/TFG/datasets/train_spec/5/mel_spectrogram_mix_906.npy,5
594,/Users/Dani/Music-Voice-Level/venv/TFG/datasets/train_spec/5/mel_spectrogram_mix_912.npy,5
595,/Users/Dani/Music-Voice-Level/venv/TFG/datasets/train_spec/5/mel_spectrogram_mix_1093.npy,5
596,/Users/Dani/Music-Voice-Level/venv/TFG/datasets/train_spec/5/mel_spectrogram_mix_1078.npy,5
597,/Users/Dani/Music-Voice-Level/venv/TFG/datasets/train_spec/5/mel_spectrogram_mix_721.npy,5
598,/Users/Dani/Music-Voice-Level/venv/TFG/datasets/train_spec/5/mel_spectrogram_mix_735.npy,5
599,/Users/Dani/Music-Voice-Level/venv/TFG/datasets/train_spec/5/mel_spectrogram_mix_1044.npy,5
600,/Users/Dani/Music-Voice-Level/venv/TFG/datasets/train_spec/5/mel_spectrogram_mix_709.npy,5
601,/Users/Dani/Music-Voice-Level/venv/TFG/datasets/train_spec/5/mel_spectrogram_mix_1050.npy,5
602,/Users/Dani/Music-Voice-Level/venv/TFG/datasets/train_spec/5/mel_spectrogram_mix_286.npy,5
603,/Users/Dani/Music-Voice-Level/venv/TFG/datasets/train_spec/5/mel_spectrogram_mix_292.npy,5
604,/Users/Dani/Music-Voice-Level/venv/TFG/datasets/train_spec/5/mel_spectrogram_mix_523.npy,5
605,/Users/Dani/Music-Voice-Level/venv/TFG/datasets/train_spec/5/mel_spectrogram_mix_245.npy,5
606,/Users/Dani/Music-Voice-Level/venv/TFG/datasets/train_spec/5/mel_spectrogram_mix_251.npy,5
607,/Users/Dani/Music-Voice-Level/venv/TFG/datasets/train_spec/5/mel_spectrogram_mix_537.npy,5
608,/Users/Dani/Music-Voice-Level/venv/TFG/datasets/train_spec/5/mel_spectrogram_mix_1246.npy,5
609,/Users/Dani/Music-Voice-Level/venv/TFG/datasets/train_spec/5/mel_spectrogram_mix_279.npy,5
610,/Users/Dani/Music-Voice-Level/venv/TFG/datasets/train_spec/5/mel_spectrogram_mix_1252.npy,5
611,/Users/Dani/Music-Voice-Level/venv/TFG/datasets/train_spec/5/mel_spectrogram_mix_494.npy,5
612,/Users/Dani/Music-Voice-Level/venv/TFG/datasets/train_spec/5/mel_spectrogram_mix_480.npy,5
613,/Users/Dani/Music-Voice-Level/venv/TFG/datasets/train_spec/5/mel_spectrogram_mix_457.npy,5
614,/Users/Dani/Music-Voice-Level/venv/TFG/datasets/train_spec/5/mel_spectrogram_mix_331.npy,5
615,/Users/Dani/Music-Voice-Level/venv/TFG/datasets/train_spec/5/mel_spectrogram_mix_325.npy,5
616,/Users/Dani/Music-Voice-Level/venv/TFG/datasets/train_spec/5/mel_spectrogram_mix_443.npy,5
617,/Users/Dani/Music-Voice-Level/venv/TFG/datasets/train_spec/5/mel_spectrogram_mix_36.npy,5
618,/Users/Dani/Music-Voice-Level/venv/TFG/datasets/train_spec/5/mel_spectrogram_mix_319.npy,5
619,/Users/Dani/Music-Voice-Level/venv/TFG/datasets/train_spec/5/mel_spectrogram_mix_22.npy,5
620,/Users/Dani/Music-Voice-Level/venv/TFG/datasets/train_spec/5/mel_spectrogram_mix_696.npy,5
621,/Users/Dani/Music-Voice-Level/venv/TFG/datasets/train_spec/5/mel_spectrogram_mix_682.npy,5
622,/Users/Dani/Music-Voice-Level/venv/TFG/datasets/train_spec/5/mel_spectrogram_mix_872.npy,5
623,/Users/Dani/Music-Voice-Level/venv/TFG/datasets/train_spec/5/mel_spectrogram_mix_866.npy,5
624,/Users/Dani/Music-Voice-Level/venv/TFG/datasets/train_spec/5/mel_spectrogram_mix_133.npy,5
625,/Users/Dani/Music-Voice-Level/venv/TFG/datasets/train_spec/5/mel_spectrogram_mix_655.npy,5
626,/Users/Dani/Music-Voice-Level/venv/TFG/datasets/train_spec/5/mel_spectrogram_mix_641.npy,5
627,/Users/Dani/Music-Voice-Level/venv/TFG/datasets/train_spec/5/mel_spectrogram_mix_899.npy,5
628,/Users/Dani/Music-Voice-Level/venv/TFG/datasets/train_spec/5/mel_spectrogram_mix_127.npy,5
629,/Users/Dani/Music-Voice-Level/venv/TFG/datasets/train_spec/5/mel_spectrogram_mix_1118.npy,5
630,/Users/Dani/Music-Voice-Level/venv/TFG/datasets/train_spec/5/mel_spectrogram_mix_1130.npy,5
631,/Users/Dani/Music-Voice-Level/venv/TFG/datasets/train_spec/5/mel_spectrogram_mix_669.npy,5
632,/Users/Dani/Music-Voice-Level/venv/TFG/datasets/train_spec/5/mel_spectrogram_mix_1124.npy,5
633,/Users/Dani/Music-Voice-Level/venv/TFG/datasets/train_spec/5/mel_spectrogram_mix_1125.npy,5
634,/Users/Dani/Music-Voice-Level/venv/TFG/datasets/train_spec/5/mel_spectrogram_mix_1131.npy,5
635,/Users/Dani/Music-Voice-Level/venv/TFG/datasets/train_spec/5/mel_spectrogram_mix_668.npy,5
636,/Users/Dani/Music-Voice-Level/venv/TFG/datasets/train_spec/5/mel_spectrogram_mix_898.npy,5
637,/Users/Dani/Music-Voice-Level/venv/TFG/datasets/train_spec/5/mel_spectrogram_mix_640.npy,5
638,/Users/Dani/Music-Voice-Level/venv/TFG/datasets/train_spec/5/mel_spectrogram_mix_1119.npy,5
639,/Users/Dani/Music-Voice-Level/venv/TFG/datasets/train_spec/5/mel_spectrogram_mix_126.npy,5
640,/Users/Dani/Music-Voice-Level/venv/TFG/datasets/train_spec/5/mel_spectrogram_mix_132.npy,5
641,/Users/Dani/Music-Voice-Level/venv/TFG/datasets/train_spec/5/mel_spectrogram_mix_654.npy,5
642,/Users/Dani/Music-Voice-Level/venv/TFG/datasets/train_spec/5/mel_spectrogram_mix_867.npy,5
643,/Users/Dani/Music-Voice-Level/venv/TFG/datasets/train_spec/5/mel_spectrogram_mix_873.npy,5
644,/Users/Dani/Music-Voice-Level/venv/TFG/datasets/train_spec/5/mel_spectrogram_mix_683.npy,5
645,/Users/Dani/Music-Voice-Level/venv/TFG/datasets/train_spec/5/mel_spectrogram_mix_697.npy,5
646,/Users/Dani/Music-Voice-Level/venv/TFG/datasets/train_spec/5/mel_spectrogram_mix_318.npy,5
647,/Users/Dani/Music-Voice-Level/venv/TFG/datasets/train_spec/5/mel_spectrogram_mix_23.npy,5
648,/Users/Dani/Music-Voice-Level/venv/TFG/datasets/train_spec/5/mel_spectrogram_mix_37.npy,5
649,/Users/Dani/Music-Voice-Level/venv/TFG/datasets/train_spec/5/mel_spectrogram_mix_324.npy,5
650,/Users/Dani/Music-Voice-Level/venv/TFG/datasets/train_spec/5/mel_spectrogram_mix_442.npy,5
651,/Users/Dani/Music-Voice-Level/venv/TFG/datasets/train_spec/5/mel_spectrogram_mix_456.npy,5
652,/Users/Dani/Music-Voice-Level/venv/TFG/datasets/train_spec/5/mel_spectrogram_mix_330.npy,5
653,/Users/Dani/Music-Voice-Level/venv/TFG/datasets/train_spec/5/mel_spectrogram_mix_481.npy,5
654,/Users/Dani/Music-Voice-Level/venv/TFG/datasets/train_spec/5/mel_spectrogram_mix_495.npy,5
655,/Users/Dani/Music-Voice-Level/venv/TFG/datasets/train_spec/5/mel_spectrogram_mix_1253.npy,5
656,/Users/Dani/Music-Voice-Level/venv/TFG/datasets/train_spec/5/mel_spectrogram_mix_278.npy,5
657,/Users/Dani/Music-Voice-Level/venv/TFG/datasets/train_spec/5/mel_spectrogram_mix_1247.npy,5
658,/Users/Dani/Music-Voice-Level/venv/TFG/datasets/train_spec/5/mel_spectrogram_mix_250.npy,5
659,/Users/Dani/Music-Voice-Level/venv/TFG/datasets/train_spec/5/mel_spectrogram_mix_536.npy,5
660,/Users/Dani/Music-Voice-Level/venv/TFG/datasets/train_spec/5/mel_spectrogram_mix_522.npy,5
661,/Users/Dani/Music-Voice-Level/venv/TFG/datasets/train_spec/5/mel_spectrogram_mix_244.npy,5
662,/Users/Dani/Music-Voice-Level/venv/TFG/datasets/train_spec/5/mel_spectrogram_mix_293.npy,5
663,/Users/Dani/Music-Voice-Level/venv/TFG/datasets/train_spec/5/mel_spectrogram_mix_287.npy,5
664,/Users/Dani/Music-Voice-Level/venv/TFG/datasets/train_spec/5/mel_spectrogram_mix_708.npy,5
665,/Users/Dani/Music-Voice-Level/venv/TFG/datasets/train_spec/5/mel_spectrogram_mix_1051.npy,5
666,/Users/Dani/Music-Voice-Level/venv/TFG/datasets/train_spec/5/mel_spectrogram_mix_1045.npy,5
667,/Users/Dani/Music-Voice-Level/venv/TFG/datasets/train_spec/5/mel_spectrogram_mix_734.npy,5
668,/Users/Dani/Music-Voice-Level/venv/TFG/datasets/train_spec/5/mel_spectrogram_mix_1079.npy,5
669,/Users/Dani/Music-Voice-Level/venv/TFG/datasets/train_spec/5/mel_spectrogram_mix_720.npy,5
670,/Users/Dani/Music-Voice-Level/venv/TFG/datasets/train_spec/5/mel_spectrogram_mix_913.npy,5
671,/Users/Dani/Music-Voice-Level/venv/TFG/datasets/train_spec/5/mel_spectrogram_mix_1092.npy,5
672,/Users/Dani/Music-Voice-Level/venv/TFG/datasets/train_spec/5/mel_spectrogram_mix_1086.npy,5
673,/Users/Dani/Music-Voice-Level/venv/TFG/datasets/train_spec/5/mel_spectrogram_mix_907.npy,5
674,/Users/Dani/Music-Voice-Level/venv/TFG/datasets/train_spec/5/mel_spectrogram_mix_939.npy,5
675,/Users/Dani/Music-Voice-Level/venv/TFG/datasets/train_spec/5/mel_spectrogram_mix_1090.npy,5
676,/Users/Dani/Music-Voice-Level/venv/TFG/datasets/train_spec/5/mel_spectrogram_mix_911.npy,5
677,/Users/Dani/Music-Voice-Level/venv/TFG/datasets/train_spec/5/mel_spectrogram_mix_905.npy,5
678,/Users/Dani/Music-Voice-Level/venv/TFG/datasets/train_spec/5/mel_spectrogram_mix_1084.npy,5
679,/Users/Dani/Music-Voice-Level/venv/TFG/datasets/train_spec/5/mel_spectrogram_mix_736.npy,5
680,/Users/Dani/Music-Voice-Level/venv/TFG/datasets/train_spec/5/mel_spectrogram_mix_722.npy,5
681,/Users/Dani/Music-Voice-Level/venv/TFG/datasets/train_spec/5/mel_spectrogram_mix_1053.npy,5
682,/Users/Dani/Music-Voice-Level/venv/TFG/datasets/train_spec/5/mel_spectrogram_mix_1047.npy,5
683,/Users/Dani/Music-Voice-Level/venv/TFG/datasets/train_spec/5/mel_spectrogram_mix_291.npy,5
684,/Users/Dani/Music-Voice-Level/venv/TFG/datasets/train_spec/5/mel_spectrogram_mix_285.npy,5
685,/Users/Dani/Music-Voice-Level/venv/TFG/datasets/train_spec/5/mel_spectrogram_mix_534.npy,5
686,/Users/Dani/Music-Voice-Level/venv/TFG/datasets/train_spec/5/mel_spectrogram_mix_252.npy,5
687,/Users/Dani/Music-Voice-Level/venv/TFG/datasets/train_spec/5/mel_spectrogram_mix_246.npy,5
688,/Users/Dani/Music-Voice-Level/venv/TFG/datasets/train_spec/5/mel_spectrogram_mix_520.npy,5
689,/Users/Dani/Music-Voice-Level/venv/TFG/datasets/train_spec/5/mel_spectrogram_mix_508.npy,5
690,/Users/Dani/Music-Voice-Level/venv/TFG/datasets/train_spec/5/mel_spectrogram_mix_1251.npy,5
691,/Users/Dani/Music-Voice-Level/venv/TFG/datasets/train_spec/5/mel_spectrogram_mix_1245.npy,5
692,/Users/Dani/Music-Voice-Level/venv/TFG/datasets/train_spec/5/mel_spectrogram_mix_483.npy,5
693,/Users/Dani/Music-Voice-Level/venv/TFG/datasets/train_spec/5/mel_spectrogram_mix_497.npy,5
694,/Users/Dani/Music-Voice-Level/venv/TFG/datasets/train_spec/5/mel_spectrogram_mix_440.npy,5
695,/Users/Dani/Music-Voice-Level/venv/TFG/datasets/train_spec/5/mel_spectrogram_mix_326.npy,5
696,/Users/Dani/Music-Voice-Level/venv/TFG/datasets/train_spec/5/mel_spectrogram_mix_332.npy,5
697,/Users/Dani/Music-Voice-Level/venv/TFG/datasets/train_spec/5/mel_spectrogram_mix_454.npy,5
698,/Users/Dani/Music-Voice-Level/venv/TFG/datasets/train_spec/5/mel_spectrogram_mix_21.npy,5
699,/Users/Dani/Music-Voice-Level/venv/TFG/datasets/train_spec/5/mel_spectrogram_mix_35.npy,5
700,/Users/Dani/Music-Voice-Level/venv/TFG/datasets/train_spec/5/mel_spectrogram_mix_468.npy,5
701,/Users/Dani/Music-Voice-Level/venv/TFG/datasets/train_spec/5/mel_spectrogram_mix_859.npy,5
702,/Users/Dani/Music-Voice-Level/venv/TFG/datasets/train_spec/5/mel_spectrogram_mix_681.npy,5
703,/Users/Dani/Music-Voice-Level/venv/TFG/datasets/train_spec/5/mel_spectrogram_mix_695.npy,5
704,/Users/Dani/Music-Voice-Level/venv/TFG/datasets/train_spec/5/mel_spectrogram_mix_865.npy,5
705,/Users/Dani/Music-Voice-Level/venv/TFG/datasets/train_spec/5/mel_spectrogram_mix_871.npy,5
706,/Users/Dani/Music-Voice-Level/venv/TFG/datasets/train_spec/5/mel_spectrogram_mix_124.npy,5
707,/Users/Dani/Music-Voice-Level/venv/TFG/datasets/train_spec/5/mel_spectrogram_mix_642.npy,5
708,/Users/Dani/Music-Voice-Level/venv/TFG/datasets/train_spec/5/mel_spectrogram_mix_656.npy,5
709,/Users/Dani/Music-Voice-Level/venv/TFG/datasets/train_spec/5/mel_spectrogram_mix_130.npy,5
710,/Users/Dani/Music-Voice-Level/venv/TFG/datasets/train_spec/5/mel_spectrogram_mix_1127.npy,5
711,/Users/Dani/Music-Voice-Level/venv/TFG/datasets/train_spec/5/mel_spectrogram_mix_118.npy,5
712,/Users/Dani/Music-Voice-Level/venv/TFG/datasets/train_spec/5/mel_spectrogram_mix_1133.npy,5
713,/Users/Dani/Music-Voice-Level/venv/TFG/datasets/train_spec/5/mel_spectrogram_mix_1132.npy,5
714,/Users/Dani/Music-Voice-Level/venv/TFG/datasets/train_spec/5/mel_spectrogram_mix_119.npy,5
715,/Users/Dani/Music-Voice-Level/venv/TFG/datasets/train_spec/5/mel_spectrogram_mix_1126.npy,5
716,/Users/Dani/Music-Voice-Level/venv/TFG/datasets/train_spec/5/mel_spectrogram_mix_657.npy,5
717,/Users/Dani/Music-Voice-Level/venv/TFG/datasets/train_spec/5/mel_spectrogram_mix_131.npy,5
718,/Users/Dani/Music-Voice-Level/venv/TFG/datasets/train_spec/5/mel_spectrogram_mix_125.npy,5
719,/Users/Dani/Music-Voice-Level/venv/TFG/datasets/train_spec/5/mel_spectrogram_mix_643.npy,5
720,/Users/Dani/Music-Voice-Level/venv/TFG/datasets/train_spec/5/mel_spectrogram_mix_870.npy,5
721,/Users/Dani/Music-Voice-Level/venv/TFG/datasets/train_spec/5/mel_spectrogram_mix_864.npy,5
722,/Users/Dani/Music-Voice-Level/venv/TFG/datasets/train_spec/5/mel_spectrogram_mix_694.npy,5
723,/Users/Dani/Music-Voice-Level/venv/TFG/datasets/train_spec/5/mel_spectrogram_mix_680.npy,5
724,/Users/Dani/Music-Voice-Level/venv/TFG/datasets/train_spec/5/mel_spectrogram_mix_858.npy,5
725,/Users/Dani/Music-Voice-Level/venv/TFG/datasets/train_spec/5/mel_spectrogram_mix_469.npy,5
726,/Users/Dani/Music-Voice-Level/venv/TFG/datasets/train_spec/5/mel_spectrogram_mix_34.npy,5
727,/Users/Dani/Music-Voice-Level/venv/TFG/datasets/train_spec/5/mel_spectrogram_mix_20.npy,5
728,/Users/Dani/Music-Voice-Level/venv/TFG/datasets/train_spec/5/mel_spectrogram_mix_333.npy,5
729,/Users/Dani/Music-Voice-Level/venv/TFG/datasets/train_spec/5/mel_spectrogram_mix_455.npy,5
730,/Users/Dani/Music-Voice-Level/venv/TFG/datasets/train_spec/5/mel_spectrogram_mix_441.npy,5
731,/Users/Dani/Music-Voice-Level/venv/TFG/datasets/train_spec/5/mel_spectrogram_mix_327.npy,5
732,/Users/Dani/Music-Voice-Level/venv/TFG/datasets/train_spec/5/mel_spectrogram_mix_496.npy,5
733,/Users/Dani/Music-Voice-Level/venv/TFG/datasets/train_spec/5/mel_spectrogram_mix_482.npy,5
734,/Users/Dani/Music-Voice-Level/venv/TFG/datasets/train_spec/5/mel_spectrogram_mix_1244.npy,5
735,/Users/Dani/Music-Voice-Level/venv/TFG/datasets/train_spec/5/mel_spectrogram_mix_509.npy,5
736,/Users/Dani/Music-Voice-Level/venv/TFG/datasets/train_spec/5/mel_spectrogram_mix_1250.npy,5
737,/Users/Dani/Music-Voice-Level/venv/TFG/datasets/train_spec/5/mel_spectrogram_mix_1278.npy,5
738,/Users/Dani/Music-Voice-Level/venv/TFG/datasets/train_spec/5/mel_spectrogram_mix_247.npy,5
739,/Users/Dani/Music-Voice-Level/venv/TFG/datasets/train_spec/5/mel_spectrogram_mix_521.npy,5
740,/Users/Dani/Music-Voice-Level/venv/TFG/datasets/train_spec/5/mel_spectrogram_mix_535.npy,5
741,/Users/Dani/Music-Voice-Level/venv/TFG/datasets/train_spec/5/mel_spectrogram_mix_253.npy,5
742,/Users/Dani/Music-Voice-Level/venv/TFG/datasets/train_spec/5/mel_spectrogram_mix_284.npy,5
743,/Users/Dani/Music-Voice-Level/venv/TFG/datasets/train_spec/5/mel_spectrogram_mix_290.npy,5
744,/Users/Dani/Music-Voice-Level/venv/TFG/datasets/train_spec/5/mel_spectrogram_mix_1046.npy,5
745,/Users/Dani/Music-Voice-Level/venv/TFG/datasets/train_spec/5/mel_spectrogram_mix_1052.npy,5
746,/Users/Dani/Music-Voice-Level/venv/TFG/datasets/train_spec/5/mel_spectrogram_mix_723.npy,5
747,/Users/Dani/Music-Voice-Level/venv/TFG/datasets/train_spec/5/mel_spectrogram_mix_737.npy,5
748,/Users/Dani/Music-Voice-Level/venv/TFG/datasets/train_spec/5/mel_spectrogram_mix_904.npy,5
749,/Users/Dani/Music-Voice-Level/venv/TFG/datasets/train_spec/5/mel_spectrogram_mix_1085.npy,5
750,/Users/Dani/Music-Voice-Level/venv/TFG/datasets/train_spec/5/mel_spectrogram_mix_1091.npy,5
751,/Users/Dani/Music-Voice-Level/venv/TFG/datasets/train_spec/5/mel_spectrogram_mix_910.npy,5
752,/Users/Dani/Music-Voice-Level/venv/TFG/datasets/train_spec/5/mel_spectrogram_mix_938.npy,5
753,/Users/Dani/Music-Voice-Level/venv/TFG/datasets/train_spec/5/mel_spectrogram_mix_914.npy,5
754,/Users/Dani/Music-Voice-Level/venv/TFG/datasets/train_spec/5/mel_spectrogram_mix_1095.npy,5
755,/Users/Dani/Music-Voice-Level/venv/TFG/datasets/train_spec/5/mel_spectrogram_mix_1081.npy,5
756,/Users/Dani/Music-Voice-Level/venv/TFG/datasets/train_spec/5/mel_spectrogram_mix_900.npy,5
757,/Users/Dani/Music-Voice-Level/venv/TFG/datasets/train_spec/5/mel_spectrogram_mix_928.npy,5
758,/Users/Dani/Music-Voice-Level/venv/TFG/datasets/train_spec/5/mel_spectrogram_mix_1056.npy,5
759,/Users/Dani/Music-Voice-Level/venv/TFG/datasets/train_spec/5/mel_spectrogram_mix_1042.npy,5
760,/Users/Dani/Music-Voice-Level/venv/TFG/datasets/train_spec/5/mel_spectrogram_mix_733.npy,5
761,/Users/Dani/Music-Voice-Level/venv/TFG/datasets/train_spec/5/mel_spectrogram_mix_727.npy,5
762,/Users/Dani/Music-Voice-Level/venv/TFG/datasets/train_spec/5/mel_spectrogram_mix_294.npy,5
763,/Users/Dani/Music-Voice-Level/venv/TFG/datasets/train_spec/5/mel_spectrogram_mix_280.npy,5
764,/Users/Dani/Music-Voice-Level/venv/TFG/datasets/train_spec/5/mel_spectrogram_mix_1254.npy,5
765,/Users/Dani/Music-Voice-Level/venv/TFG/datasets/train_spec/5/mel_spectrogram_mix_519.npy,5
766,/Users/Dani/Music-Voice-Level/venv/TFG/datasets/train_spec/5/mel_spectrogram_mix_1240.npy,5
767,/Users/Dani/Music-Voice-Level/venv/TFG/datasets/train_spec/5/mel_spectrogram_mix_1268.npy,5
768,/Users/Dani/Music-Voice-Level/venv/TFG/datasets/train_spec/5/mel_spectrogram_mix_257.npy,5
769,/Users/Dani/Music-Voice-Level/venv/TFG/datasets/train_spec/5/mel_spectrogram_mix_531.npy,5
770,/Users/Dani/Music-Voice-Level/venv/TFG/datasets/train_spec/5/mel_spectrogram_mix_525.npy,5
771,/Users/Dani/Music-Voice-Level/venv/TFG/datasets/train_spec/5/mel_spectrogram_mix_243.npy,5
772,/Users/Dani/Music-Voice-Level/venv/TFG/datasets/train_spec/5/mel_spectrogram_mix_486.npy,5
773,/Users/Dani/Music-Voice-Level/venv/TFG/datasets/train_spec/5/mel_spectrogram_mix_492.npy,5
774,/Users/Dani/Music-Voice-Level/venv/TFG/datasets/train_spec/5/mel_spectrogram_mix_24.npy,5
775,/Users/Dani/Music-Voice-Level/venv/TFG/datasets/train_spec/5/mel_spectrogram_mix_479.npy,5
776,/Users/Dani/Music-Voice-Level/venv/TFG/datasets/train_spec/5/mel_spectrogram_mix_30.npy,5
777,/Users/Dani/Music-Voice-Level/venv/TFG/datasets/train_spec/5/mel_spectrogram_mix_323.npy,5
778,/Users/Dani/Music-Voice-Level/venv/TFG/datasets/train_spec/5/mel_spectrogram_mix_445.npy,5
779,/Users/Dani/Music-Voice-Level/venv/TFG/datasets/train_spec/5/mel_spectrogram_mix_18.npy,5
780,/Users/Dani/Music-Voice-Level/venv/TFG/datasets/train_spec/5/mel_spectrogram_mix_451.npy,5
781,/Users/Dani/Music-Voice-Level/venv/TFG/datasets/train_spec/5/mel_spectrogram_mix_337.npy,5
782,/Users/Dani/Music-Voice-Level/venv/TFG/datasets/train_spec/5/mel_spectrogram_mix_860.npy,5
783,/Users/Dani/Music-Voice-Level/venv/TFG/datasets/train_spec/5/mel_spectrogram_mix_874.npy,5
784,/Users/Dani/Music-Voice-Level/venv/TFG/datasets/train_spec/5/mel_spectrogram_mix_684.npy,5
785,/Users/Dani/Music-Voice-Level/venv/TFG/datasets/train_spec/5/mel_spectrogram_mix_848.npy,5
786,/Users/Dani/Music-Voice-Level/venv/TFG/datasets/train_spec/5/mel_spectrogram_mix_690.npy,5
787,/Users/Dani/Music-Voice-Level/venv/TFG/datasets/train_spec/5/mel_spectrogram_mix_1122.npy,5
788,/Users/Dani/Music-Voice-Level/venv/TFG/datasets/train_spec/5/mel_spectrogram_mix_109.npy,5
789,/Users/Dani/Music-Voice-Level/venv/TFG/datasets/train_spec/5/mel_spectrogram_mix_1136.npy,5
790,/Users/Dani/Music-Voice-Level/venv/TFG/datasets/train_spec/5/mel_spectrogram_mix_647.npy,5
791,/Users/Dani/Music-Voice-Level/venv/TFG/datasets/train_spec/5/mel_spectrogram_mix_121.npy,5
792,/Users/Dani/Music-Voice-Level/venv/TFG/datasets/train_spec/5/mel_spectrogram_mix_135.npy,5
793,/Users/Dani/Music-Voice-Level/venv/TFG/datasets/train_spec/5/mel_spectrogram_mix_653.npy,5
794,/Users/Dani/Music-Voice-Level/venv/TFG/datasets/train_spec/5/mel_spectrogram_mix_134.npy,5
795,/Users/Dani/Music-Voice-Level/venv/TFG/datasets/train_spec/5/mel_spectrogram_mix_652.npy,5
796,/Users/Dani/Music-Voice-Level/venv/TFG/datasets/train_spec/5/mel_spectrogram_mix_646.npy,5
797,/Users/Dani/Music-Voice-Level/venv/TFG/datasets/train_spec/5/mel_spectrogram_mix_120.npy,5
798,/Users/Dani/Music-Voice-Level/venv/TFG/datasets/train_spec/5/mel_spectrogram_mix_1137.npy,5
799,/Users/Dani/Music-Voice-Level/venv/TFG/datasets/train_spec/5/mel_spectrogram_mix_108.npy,5
800,/Users/Dani/Music-Voice-Level/venv/TFG/datasets/train_spec/5/mel_spectrogram_mix_1123.npy,5
801,/Users/Dani/Music-Voice-Level/venv/TFG/datasets/train_spec/5/mel_spectrogram_mix_691.npy,5
802,/Users/Dani/Music-Voice-Level/venv/TFG/datasets/train_spec/5/mel_spectrogram_mix_849.npy,5
803,/Users/Dani/Music-Voice-Level/venv/TFG/datasets/train_spec/5/mel_spectrogram_mix_685.npy,5
804,/Users/Dani/Music-Voice-Level/venv/TFG/datasets/train_spec/5/mel_spectrogram_mix_875.npy,5
805,/Users/Dani/Music-Voice-Level/venv/TFG/datasets/train_spec/5/mel_spectrogram_mix_861.npy,5
806,/Users/Dani/Music-Voice-Level/venv/TFG/datasets/train_spec/5/mel_spectrogram_mix_450.npy,5
807,/Users/Dani/Music-Voice-Level/venv/TFG/datasets/train_spec/5/mel_spectrogram_mix_336.npy,5
808,/Users/Dani/Music-Voice-Level/venv/TFG/datasets/train_spec/5/mel_spectrogram_mix_322.npy,5
809,/Users/Dani/Music-Voice-Level/venv/TFG/datasets/train_spec/5/mel_spectrogram_mix_19.npy,5
810,/Users/Dani/Music-Voice-Level/venv/TFG/datasets/train_spec/5/mel_spectrogram_mix_444.npy,5
811,/Users/Dani/Music-Voice-Level/venv/TFG/datasets/train_spec/5/mel_spectrogram_mix_31.npy,5
812,/Users/Dani/Music-Voice-Level/venv/TFG/datasets/train_spec/5/mel_spectrogram_mix_478.npy,5
813,/Users/Dani/Music-Voice-Level/venv/TFG/datasets/train_spec/5/mel_spectrogram_mix_25.npy,5
814,/Users/Dani/Music-Voice-Level/venv/TFG/datasets/train_spec/5/mel_spectrogram_mix_493.npy,5
815,/Users/Dani/Music-Voice-Level/venv/TFG/datasets/train_spec/5/mel_spectrogram_mix_487.npy,5
